학교급,설립,구,학교명,주소,구분,학생수합계,lon,lat,동,최근접_사업,최근접_거리m,영향권,_원_도심거리m,_원_학생수,_원_학교밀도,적격성_도심거리,적격성_학교규모,적격성_학교밀도,적격성점수,전체순위,적격성순위,현행운영여부,미운영순위,slope_300m_mean
초,공립,대덕구,대전대화초등학교,대전광역시 대덕구 대화로 242-36. 대전대화초등학교 (대화동),본교,109,127.4112898,36.3625262,대화동,소라,175.06866523884543,1km 이내,2754.3456270834463,109.0,12,0.1721798345017433,0.9361302442078898,0.4,0.4389,191,191,,176.0,9.05150032043457
초,공립,대덕구,대전동도초등학교,대전광역시 대덕구 한남로150번길 27(오정동. 동도초등학교),본교,73,127.4124032,36.3478144,오정동,삼성5,653.7976603183762,1km 이내,2520.0935025906515,73.0,18,0.1558637487026556,0.9586725109580464,0.0999999999999999,0.2885,227,227,,212.0,2.2289366722106934
초,공립,대덕구,대전동산초등학교,대전광역시 대덕구 동산초교로63번길 50. 대전동산초등학교 (오정동),본교,226,127.4214961,36.3505625,오정동,오정동1,112.2817711165668,1km 이내,3319.6062721698804,226.0,15,0.211551264767519,0.862867877269881,0.25,0.361,214,214,,199.0,4.339044094085693
초,공립,대덕구,대전매봉초등학교,대전광역시 대덕구 선비마을로 155(송촌동. 대전매봉초등학교),본교,465,127.4372248,36.3695187,송촌동,법동2,976.9612643626384,1km 이내,5183.894419284399,465.0,8,0.3414023191748325,0.7132122730118973,0.6,0.5451,133,133,,120.0,8.545154571533203
초,공립,대덕구,대전목상초등학교,대전광역시 대덕구 대덕대로1486번길 117(목상동. 대전목상초등학교),본교,161,127.4126245,36.4457981,목상동,덕암동1,753.2518583028506,1km 이내,10878.147957940528,161.0,4,0.738017417115298,0.9035691922354414,0.8,0.8021,20,20,,10.0,3.3344955444335938
초,공립,대덕구,대전법동초등학교,대전광역시 대덕구 계족로664번길 74(법동.대전법동초등학교),본교,289,127.4325902,36.3693345,법2동,법동2,631.799847852061,1km 이내,4798.516920250096,289.0,8,0.3145600766427912,0.823418910457107,0.6,0.5591,115,115,,102.0,3.653498649597168
초,공립,대덕구,대전비래초등학교,대전광역시 대덕구 우암로492번길 65(비래동. 대전비래초등학교),본교,217,127.4512659,36.361626,비래동,비래동2,183.8883500728251,1km 이내,6118.344981953792,217.0,7,0.4064884975330078,0.8685034439574202,0.65,0.6206,83,83,,70.0,6.901233673095703
초,공립,대덕구,대전새여울초등학교,대전광역시 대덕구 대덕대로 1585. 대전새여울초등학교,본교,881,127.4224192,36.4517219,석봉동,덕암동1,539.7005480089683,1km 이내,11741.927826752244,881.0,4,0.7981812533305386,0.4527238572323105,0.8,0.73,37,37,,26.0,1.6919817924499512
초,공립,대덕구,대전석봉초등학교,대전광역시 대덕구 신탄진남로 20. 대전석봉초등학교 (신탄진동. 대전석봉초등학교),본교,84,127.4347803,36.4470316,신탄진동,신탄진동1,333.551369631059,1km 이내,11628.26687410248,84.0,4,0.7902645616059492,0.9517845961177208,0.8,0.8274,17,17,,7.0,6.676281929016113
초,공립,대덕구,대전송촌초등학교,대전광역시 대덕구 동춘당로54번길 35(송촌동. 대전송촌초등학교),본교,531,127.4440778,36.3648913,송촌동,비래동2,777.9606624452204,1km 이내,5581.712799476618,531.0,8,0.3691110916682489,0.6718847839699437,0.6,0.5451,133,133,,120.0,4.523516654968262
초,공립,대덕구,대전양지초등학교,대전광역시 대덕구 쌍청당로 45(법동),본교,178,127.4334862,36.3656527,법2동,중리주공2,859.7746883294967,1km 이내,4709.365957350681,178.0,9,0.3083505502067444,0.8929242329367564,0.55,0.5461,132,132,,119.0,3.349184036254883
초,공립,대덕구,대전중리초등학교,대전광역시 대덕구 중리북로 20(법동),본교,360,127.4272541,36.3675607,법1동,중리주공2,291.6583235655971,1km 이내,4282.119729043378,360.0,10,0.278592074660398,0.7789605510331872,0.5,0.4894,171,171,,156.0,3.4179880619049072
초,공립,대덕구,대전중원초등학교,대전광역시 대덕구 중리로64번길 45(중리동),본교,228,127.4275356,36.3656424,중리동,중리주공2,488.1592911069332,1km 이내,4215.0357635255,228.0,10,0.2739195546587003,0.8616155291170946,0.5,0.5045,159,159,,145.0,3.2381393909454346
초,공립,대덕구,대전화정초등학교,대전광역시 대덕구 한밭대로1024번길 20(오정동. 화정초등학교),본교,152,127.4118971,36.3573291,오정동,소라,619.4644064113331,1km 이내,2575.5137501321738,152.0,13,0.1597238695696574,0.9092047589229806,0.35,0.4048,204,204,,189.0,2.0633904933929443
초,공립,대덕구,새일초등학교,대전광역시 대덕구 덕암로125번길 15(덕암동.새일초등학교),본교,149,127.4195224,36.4317546,덕암동,덕암동1,1697.1872436969152,1.5km 초과,9554.97976923291,149.0,2,0.6458563503146384,0.9110832811521604,0.9,0.826,18,18,,8.0,4.806055068969727
초,공립,대덕구,신탄진용정초등학교,대전광역시 대덕구 대청로 65. 신탄진용정초등학교 (신탄진동),본교,384,127.4358676,36.4540033,신탄진동,신탄진동1,926.0925215879312,1km 이내,12380.600396498354,384.0,3,0.8426659574418213,0.7639323731997495,0.85,0.8306,16,16,Y,,3.877012252807617
초,공립,대덕구,신탄진초등학교,대전광역시 대덕구 석봉로3번길 50(석봉동. 신탄진초등학교),본교,263,127.4223133,36.4494593,석봉동,덕암동1,299.4887910622718,1km 이내,11499.146770178751,263.0,5,0.7812711119261729,0.8396994364433312,0.75,0.7773,25,25,,15.0,2.1846024990081787
초,공립,대덕구,와동초등학교,대전광역시 대덕구 신탄진로 189(신대동. 와동초등학교),본교,170,127.4222878,36.3971876,회덕동,연축주공,202.1660129956176,1km 이내,6198.6179682727225,170.0,1,0.4120796567806114,0.8979336255479023,0.95,0.7782,24,24,,14.0,4.895845413208008
초,공립,대덕구,장동초등학교,대전광역시 대덕구 장동로 223-37(장동. 대전장동초등학교),본교,38,127.4358274,36.4148625,회덕동,신대주공,2100.325921111048,1.5km 초과,8504.093517907317,38.0,0,0.5726602148309776,0.9805886036318096,1.0,0.8679,11,11,Y,,14.288289070129396
초,공립,대덕구,회덕초등학교,대전광역시 대덕구 대전로 1350(읍내동),본교,112,127.4214085,36.374445,회덕동,법동2,546.0121122795081,1km 이내,4251.7577908028,112.0,6,0.2764773105342133,0.93425172197871,0.7,0.6198,85,85,,72.0,3.9834043979644775
초,공립,동구,대전가양초등학교,대전광역시 동구 가양로 61(가양동. 대전가양초등학교),본교,386,127.4405406,36.3421995,가양1동,성남동3,306.909507498922,1km 이내,5110.24097324962,386.0,14,0.3362722229270228,0.7626800250469631,0.3,0.4034,205,205,,190.0,1.7006466388702393
초,공립,동구,대전가오초등학교,대전광역시 동구 신기로 112. 가오초등학교 (가오동),본교,456,127.4584142,36.3109093,효동,판암2,449.1292567244184,1km 이내,7949.504500683802,456.0,8,0.5340320828221731,0.7188478396994364,0.6,0.604,89,89,,76.0,3.766094446182251
초,공립,동구,대전대동초등학교,대전광역시 동구 대동초등3길 21(대동. 대전대동초등학교),본교,232,127.4468997,36.3251324,대동,신흥동5,398.7516110677575,1km 이내,6262.076777230509,232.0,14,0.4164996780457547,0.8591108328115216,0.3,0.4468,187,187,,172.0,5.112439632415772
초,공립,동구,대전대룡초등학교,대전광역시 동구 백룡로 123(용운동. 대전대룡초등학교),본교,267,127.4558657,36.3299141,용운동,대동4·8,857.0330697613985,1km 이내,6795.465219567123,267.0,10,0.4536511515201121,0.8371947401377583,0.5,0.5535,120,120,,107.0,11.337090492248535
초,공립,동구,대전대암초등학교,대전광역시 동구 동부로 55-61(판암동. 대전대암초등학교),본교,91,127.4571693,36.323431,판암2동,판암6,645.0843864298321,1km 이내,7174.898218633385,91.0,10,0.4800793488360373,0.947401377582968,0.5,0.5835,103,103,,90.0,10.106037139892578
초,공립,동구,대전동광초등학교,대전광역시 동구 백룡로11번길 20. 대전동광초등학교 (자양동.대전동광초등학교),본교,112,127.4499,36.3372049,자양동,대동4·8,597.9203099839051,1km 이내,6048.416314888676,112.0,11,0.4016178389034621,0.93425172197871,0.4499999999999999,0.5323,141,141,,128.0,4.396733283996582
초,공립,동구,대전동서초등학교,대전광역시 동구 동서대로 1522(삼성동. 대전동서초등학교),본교,152,127.4225243,36.3410683,삼성동,삼성3,192.5079021320572,1km 이내,3565.5700982219514,152.0,13,0.2286830918449759,0.9092047589229806,0.35,0.4254,199,199,,184.0,0.9927321076393129
초,공립,동구,대전삼성초등학교,대전광역시 동구 대전로867번길 12(삼성동),본교,126,127.4289027,36.3371425,삼성동,삼성동1,196.5513333366006,1km 이내,4247.175411120198,126.0,16,0.2761581394691603,0.9254852849092048,0.1999999999999999,0.3679,211,211,,196.0,1.7872291803359983
초,공립,동구,대전성남초등학교,대전광역시 동구 성남로32번길 5(성남동. 대전성남초등학교),본교,309,127.4295994,36.3439503,성남동,홍도동3,209.82155394259465,1km 이내,4109.564253501538,309.0,13,0.2665732724824495,0.8108954289292423,0.35,0.4172,202,202,,187.0,3.292536973953247
초,공립,동구,대전신흥초등학교,대전광역시 동구 동대전로46번길 76. 대전신흥초등학교 (신흥동. 대전신흥초등학교),본교,1026,127.4399239,36.3256406,신인동,신안1,466.1441426065633,1km 이내,5681.662868751578,1026.0,14,0.3760727954711322,0.3619286161552911,0.3,0.3352,218,218,,203.0,2.706590414047241
초,공립,동구,대전용운초등학교,대전광역시 동구 용운로 204(용운동. 대전용운초등학교),본교,442,127.4637546,36.3262366,용운동,판암6,1311.639023380014,1~1.5km,7600.646976675279,442.0,6,0.5097335228594632,0.7276142767689417,0.7,0.6484,74,74,,61.0,7.224184989929199
초,공립,동구,대전용전초등학교,대전광역시 동구 계족로505번길 49(용전동.대전용전초등학교),본교,534,127.4303126,36.3561565,용전동,송촌동1,985.4838791392298,1km 이내,4159.787724239271,534.0,16,0.2700714284093556,0.6700062617407639,0.1999999999999999,0.315,222,222,,207.0,3.1243715286254883
초,공립,동구,대전은어송초등학교,대전광역시 동구 대전로 396. 대전은어송초등학교 (대성동),본교,836,127.4568136,36.3024663,산내동,옥계동4,340.0724385690749,1km 이내,8390.189693032638,836.0,5,0.5647266066149433,0.4809016906700062,0.75,0.6406,78,78,,65.0,2.1434543132781982
초,공립,동구,대전자양초등학교,대전광역시 동구 계족로 184-55.(대전자양초등학교.자양동),본교,81,127.4428747,36.3335584,자양동,대동4·8,376.99453400652607,1km 이내,5561.497444014216,81.0,12,0.3677030554555666,0.9536631183469004,0.4,0.501,161,161,,147.0,4.88891077041626
초,공립,동구,대전천동초등학교,대전광역시 동구 안샘로 8(천동) 대전천동초등학교,본교,951,127.4451593,36.3161208,효동,신흥동5,659.730185855507,1km 이내,6640.356120411913,951.0,13,0.4428475211346235,0.4088916718847839,0.35,0.3896,208,208,,193.0,5.7232842445373535
초,공립,동구,대전판암초등학교,대전광역시 동구 옥천로180번길 32(판암동),본교,285,127.4605179,36.3159027,판암1동,판암2,284.1661717268438,1km 이내,7822.199253630971,285.0,9,0.5251650412186638,0.8259236067626801,0.55,0.5977,93,93,,80.0,4.198124885559082
초,공립,동구,대전현암초등학교,대전광역시 동구 현암로 19. 대전현암초등학교 (삼성동),본교,113,127.4203907,36.3418691,삼성동,삼성3,153.34667950670976,1km 이내,3356.6884360809163,113.0,14,0.2141341048134666,0.9336255479023168,0.3,0.401,207,207,,192.0,1.0201623439788818
초,공립,동구,대전흥룡초등학교,대전광역시 동구 동대전로256번길 21(가양동. 대전흥룡초등학교),본교,288,127.4480505,36.3451544,가양2동,가양동3,327.0262441270589,1km 이내,5732.013520485098,288.0,8,0.3795798097853156,0.8240450845335003,0.6,0.5787,104,104,,91.0,2.887370347976685
초,공립,동구,동대전초등학교,대전광역시 동구 비래서로62번길 60(가양동. 동대전초등학교),본교,401,127.4492505,36.3519283,가양2동,가양동8,103.06943601776756,1km 이내,5812.303111050636,401.0,7,0.3851721255488435,0.7532874139010645,0.65,0.5912,98,98,,85.0,3.791258573532105
초,공립,동구,동명초등학교,대전광역시 동구 천개동로 16(추동),본교,46,127.4742921,36.3741217,대청동,비래동2,2645.3665461741166,1.5km 초과,8474.419818150454,46.0,0,0.5705933877648084,0.9755792110206636,1.0,0.8663,12,12,Y,,8.243550300598145
초,공립,동구,산내초등학교,대전광역시 동구 산내로 1292(낭월동. 산내초등학교),본교,395,127.4700311,36.2792732,산내동,옥계동2,2416.274967701872,1.5km 초과,11008.817477011362,395.0,0,0.7471187863733209,0.7570444583594239,1.0,0.8755,10,10,Y,,7.669312000274658
초,공립,동구,산흥초등학교,대전광역시 동구 산내로 509(상소동. 산흥초등학교),본교,54,127.4483897,36.228975,산내동,옥계동2,7467.662036045803,1.5km 초과,14639.465309206402,54.0,0,1.0,0.9705698184095178,1.0,0.9941,1,1,Y,,14.364956855773926
초,공립,동구,세천초등학교,대전광역시 동구 옥천로 610-12(세천동.세천초등학교),본교,47,127.4937835,36.3415266,대청동,자양동2,3914.439023324797,1.5km 초과,9855.53666111973,47.0,0,0.6667906835513185,0.9749530369442704,1.0,0.895,7,7,Y,,10.222576141357422
초,공립,중구,대전글꽃초등학교,대전광역시 중구 계룡로918번길 97대전글꽃초등학교 (문화동),본교,770,127.4097377,36.3186639,문화1동,문화동2,142.93505765292383,1km 이내,4185.915409439132,770.0,17,0.2718912691231827,0.5222291797119599,0.15,0.261,233,233,,218.0,1.6043883562088013
초,공립,중구,대전대문초등학교,대전광역시 중구 송리로 11(문화동. 대전대문초등학교),본교,156,127.4004173,36.3068833,문화2동,문화동10,444.4464882900225,1km 이내,5033.884241960613,156.0,9,0.3309538379529405,0.9067000626174077,0.55,0.5556,118,118,,105.0,7.201216220855713
초,공립,중구,대전대신초등학교,대전광역시 중구 솔밭로16번길 17(대사동. 대전대신초등학교),본교,44,127.4208517,36.3156991,대사동,대사동4,183.27642175708428,1km 이내,5045.681084541699,44.0,11,0.3317755094580681,0.9768315591734502,0.4499999999999999,0.5199,149,149,,136.0,15.29282283782959
초,공립,중구,대전대흥초등학교,대전광역시 중구 수도산로 12(대흥동. 대흥초등학교),본교,388,127.4258441,36.3198058,대흥동,대흥2,139.719422748729,1km 이내,5028.251801356982,388.0,14,0.3305615282381574,0.7614276768941766,0.3,0.4015,206,206,,191.0,3.1477038860321045
초,공립,중구,대전동문초등학교,대전광역시 중구 문화로 200(문화동. 대전동문초등학교),본교,186,127.4070326,36.3140992,문화1동,문화동5,166.06918512264411,1km 이내,4505.815799818552,186.0,16,0.2941729121515805,0.8879148403256105,0.1999999999999999,0.3658,212,212,,197.0,3.4382143020629883
초,공립,중구,대전목동초등학교,대전광역시 중구 목중로 19번길. 70 (목동),본교,640,127.4082366,36.3345455,목동,용두동2,538.5691963113004,1km 이내,2762.196363093482,640.0,18,0.1727266525193091,0.6036318096430808,0.0999999999999999,0.2225,239,239,,224.0,4.987293720245361
초,공립,중구,대전목양초등학교,대전광역시 중구 목동로 69(목동. 목양초등학교),본교,602,127.4048004,36.3367275,목동,용두동2,303.0217938446324,1km 이내,2370.3220147615425,602.0,18,0.145431892637453,0.6274264245460238,0.0999999999999999,0.2191,240,240,,225.0,5.875020503997803
초,공립,중구,대전문성초등학교,대전광역시 중구 유등천동로292번길 89-14. 대전문성초등학교 (산성동),본교,108,127.3904473,36.3088516,산성동,산성동3,177.1876986874294,1km 이내,4639.3936140577525,108.0,14,0.3034768494486292,0.936756418284283,0.3,0.4284,196,196,,181.0,1.0171459913253784
초,공립,중구,대전문창초등학교,대전광역시 중구 문창로 55(부사동. 대전문창초등학교),본교,117,127.4338246,36.3173655,부사동,문창동2,231.34129575689548,1km 이내,5746.489360748727,117.0,10,0.3805880783432493,0.9311208515967438,0.5,0.5504,127,127,,114.0,0.6560110449790955
초,공립,중구,대전문화초등학교,대전광역시 중구 문화로78번안길 70(문화동. 대전문화초등학교),본교,200,127.3969643,36.3113812,문화2동,유천동2,177.46542563156916,1km 이내,4470.235063611268,200.0,14,0.2916946492713196,0.8791484032561052,0.3,0.4133,203,203,,188.0,1.4933288097381592
초,공립,중구,대전버드내초등학교,대전광역시 중구 태평로 21. 대전버드내초등학교 (태평동),본교,630,127.3915009,36.3194287,태평2동,삼부4,304.18059498606226,1km 이내,3492.348943442513,630.0,19,0.2235831054680057,0.6098935504070131,0.05,0.2141,241,241,,226.0,0.6029883027076721
초,공립,중구,대전보성초등학교,대전광역시 중구 보문산로141번길 34(문화동. 대전보성초등학교),본교,190,127.3964886,36.3066382,문화2동,산성동1,419.5279417655324,1km 이내,4971.924855614848,190.0,12,0.3266382541952042,0.8854101440200376,0.4,0.4751,175,175,,160.0,6.953676223754883
초,공립,중구,대전보운초등학교,대전광역시 중구 대종로315번길 42(부사동.대전보운초등학교),본교,115,127.4318082,36.3143908,부사동,부사동4,254.5554602723198,1km 이내,5829.266878258429,115.0,8,0.3863536827357308,0.9323731997495304,0.6,0.6024,90,90,,77.0,1.856817483901977
초,공립,중구,대전산성초등학교,대전광역시 중구 대둔산로 332(사정동.산성초등학교),본교,327,127.3854134,36.2990113,산성동,산성동3,1228.215189988466,1~1.5km,5700.6648040631335,327.0,9,0.3773963147671188,0.799624295554164,0.55,0.5481,131,131,,118.0,5.687214374542236
초,공립,중구,대전석교초등학교,대전광역시 중구 대종로204번길 12(석교동.대전석교초등학교),본교,163,127.4462254,36.3086634,석교동,석교동,200.3522427893083,1km 이내,7219.606063542442,163.0,10,0.4831933314093348,0.902316844082655,0.5,0.5754,109,109,,96.0,2.752756357192993
초,공립,중구,대전선화초등학교,대전광역시 중구 선화로 159(선화동. 대전선화초등학교),본교,701,127.4234663,36.3326733,은행선화동,은행1,139.25622992563655,1km 이내,4011.654296501801,701.0,20,0.2597536662037376,0.5654351909830932,0.0,0.191,242,242,,227.0,1.836969494819641
초,공립,중구,대전신평초등학교,대전광역시 중구 유등천동로 478. 대전신평초등학교 (태평동.대전신평초등학교),본교,314,127.3897213,36.3234302,태평2동,태평동7,190.7501830455016,1km 이내,3027.9925444872747,314.0,17,0.1912398391556351,0.8077645585472761,0.15,0.2939,224,224,,209.0,1.3191107511520386
초,공립,중구,대전오류초등학교,대전광역시 중구 오류로 46(오류동),본교,249,127.4047562,36.324966,오류동,오류동1,171.37514905541116,1km 이내,3356.1106324145744,249.0,20,0.2140938597389962,0.8484658735128365,0.0,0.2339,238,238,,223.0,1.4871073961257937
초,공립,중구,대전옥계초등학교,대전광역시 중구 모암로 35. 대전옥계초등학교 (옥계동. 대전옥계초등학교),본교,109,127.4483618,36.3009946,석교동,옥계동3,204.9831183949042,1km 이내,7930.10943524632,109.0,5,0.5326811812991151,0.9361302442078898,0.75,0.722,38,38,,27.0,11.453524589538574
초,공립,중구,대전원평초등학교,대전광역시 중구 계백로1615번길 46. 대전원평초등학교 (유천동),본교,257,127.3999032,36.3216702,유천2동,태평동3,233.49616149064,1km 이내,3473.638765276056,257.0,19,0.2222799075869144,0.8434564809016907,0.05,0.2604,234,234,,219.0,0.8390199542045593
초,공립,중구,대전유평초등학교,대전광역시 중구 수침로 123(태평동),본교,215,127.3974668,36.3300035,태평1동,태평동5,201.2800949800895,1km 이내,2544.1090763576794,215.0,18,0.157536477020256,0.8697557921102066,0.0999999999999999,0.2712,231,231,,216.0,1.6955091953277588
초,공립,중구,대전중앙초등학교,대전광역시 중구 선화로43번길 99(선화동. 대전중앙초등학교),본교,1082,127.4141355,36.3307172,은행선화동,용두동3,377.75393100834464,1km 이내,3440.812490267986,1082.0,19,0.2199934979304138,0.3268628678772699,0.05,0.1564,243,243,,228.0,4.516447067260742
초,공립,중구,대전중촌초등학교,대전광역시 중구 대종로 684(중촌동.대전중촌초등학교),본교,262,127.41106,36.3412467,중촌동,중촌시영,181.46150302766256,1km 이내,2590.546055143652,262.0,18,0.1607708969076438,0.8403256105197245,0.0999999999999999,0.2663,232,232,,217.0,1.9919159412384035
초,공립,중구,대전태평초등학교,대전광역시 중구 유천로 117(태평동. 대전태평초등학교),본교,415,127.3950265,36.3229254,태평2동,태평동6,163.23314082106086,1km 이내,3190.5704480469235,415.0,18,0.202563685328892,0.7445209768315592,0.0999999999999999,0.2597,235,235,,220.0,0.7610064148902893
초,공립,중구,산서초등학교,대전광역시 중구 남달미로 87(목달동. 산서초등학교),본교,57,127.4093374,36.2668849,산성동,문화동10,4538.284394431767,1.5km 초과,9528.11554217957,57.0,0,0.6439852081233881,0.968691296180338,1.0,0.8869,8,8,Y,,6.093221187591553
초,공립,중구,서대전초등학교,대전광역시 중구 선화로 17(용두동.서대전초등학교),본교,214,127.41044,36.3259585,용두동,용두동3,263.48137150103787,1km 이내,3573.37471239946,214.0,18,0.2292266973931635,0.8703819661865999,0.0999999999999999,0.2928,225,225,,210.0,3.3628742694854736
초,사립,중구,대전성모초등학교,대전광역시 중구 대흥로 62(대흥동. 대전성모초등학교),본교,658,127.4193093,36.32246,대흥동,대흥동1,603.2185064199789,1km 이내,4400.385031959023,658.0,14,0.2868294677410575,0.5923606762680025,0.3,0.3545,216,216,,201.0,3.697547912597656
초,공립,서구,가수원초등학교,대전광역시 서구 벌곡로 1359(가수원동. 가수원초등학교),본교,258,127.3533137,36.3031409,가수원동,정림동1,1420.092316098372,1~1.5km,5942.541483147096,258.0,10,0.3942434646372738,0.8428303068252975,0.5,0.5368,139,139,,126.0,2.801133871078491
초,공립,서구,기성초등학교,대전광역시 서구 기성초교길 42(매노동),본교,33,127.3380289,36.2487568,기성동,정림동1,7077.843471450976,1.5km 초과,12021.612286114168,33.0,0,0.8176617837440886,0.9837194740137758,1.0,0.942,4,4,Y,,8.7347412109375
초,공립,서구,기성초등학교길헌분교장,대전광역시 서구 당고개길 48(평촌동. 기성초등학교 길헌분교장),분교장,7,127.3164705,36.241768,기성동,정림동1,8662.578061985647,1.5km 초과,13509.344183861653,7.0,0,0.9212850116753004,1.0,1.0,0.9764,2,2,Y,,8.445597648620605
초,공립,서구,대전가장초등학교,대전광역시 서구 가장로 150(가장동. 대전가장초등학교),본교,493,127.3887528,36.3305,가장동,가장동1,108.01606401351415,1km 이내,2240.0788610164414,493.0,16,0.1363602204985128,0.6956793988728867,0.1999999999999999,0.28,229,229,,214.0,1.5154697895050049
초,공립,서구,대전갈마초등학교,대전광역시 서구 월평동로 2(갈마동. 갈마초등학교),본교,233,127.3693227,36.3559583,갈마1동,내동2,2505.8947599289204,1.5km 초과,1494.835751672466,233.0,10,0.084452684805665,0.8584846587351284,0.5,0.447,186,186,,171.0,3.8057475090026855
초,공립,서구,대전갑천초등학교,대전광역시 서구 월평동로 61(월평동. 대전갑천초등학교),본교,426,127.3676786,36.3608614,월평3동,도룡동2,2536.7977975130784,1.5km 초과,1903.763199513856,426.0,10,0.1129352240314183,0.7376330619912336,0.5,0.4314,194,194,,179.0,1.022899508476257
초,공립,서구,대전관저초등학교,대전광역시 서구 관저동로 161(관저동. 관저초등학교),본교,331,127.3398901,36.3065734,관저1동,정림동1,2533.3835212543745,1.5km 초과,6297.851999380375,331.0,11,0.4189914872250417,0.7971195992485911,0.4499999999999999,0.5101,155,155,,141.0,2.56880521774292
초,공립,서구,대전구봉초등학교,대전광역시 서구 관저로 75대전구봉초등학교,본교,586,127.3301054,36.2997236,관저2동,정림동1,3522.933369893157,1.5km 초과,7445.332289836801,586.0,9,0.4989155729185525,0.6374452097683156,0.55,0.5522,125,125,,112.0,2.1584651470184326
초,공립,서구,대전금동초등학교,대전광역시 서구 관저로 45(관저동.대전금동초등학교),본교,672,127.3262661,36.2981969,관저2동,정림동1,3900.023790363752,1.5km 초과,7800.61452796388,672.0,9,0.5236616258848795,0.5835942391984972,0.55,0.5488,130,130,,117.0,1.6164432764053345
초,공립,서구,대전내동초등학교,대전광역시 서구 동서대로1063번길 13(내동.내동초등학교),본교,705,127.3792468,36.3311179,내동,변동A,362.9111311560592,1km 이내,2190.128061317703,705.0,14,0.1328810566045575,0.5629304946775204,0.3,0.3025,223,223,,208.0,2.316295623779297
초,공립,서구,대전느리울초등학교,대전광역시 서구 관저로 196(관저동. 대전느리울초등학교),본교,591,127.3439214,36.2985384,관저2동,정림동1,2396.85073582542,1.5km 초과,6808.626054427571,591.0,9,0.4545678275640781,0.6343143393863494,0.55,0.5382,137,137,,124.0,5.5866289138793945
초,공립,서구,대전도마초등학교,대전광역시 서구 배재로172번길 23(도마동.도마초등학교),본교,451,127.3719168,36.3242933,도마1동,도마동1,114.45341600266912,1km 이내,3108.1750037355587,451.0,10,0.1968246930283994,0.7219787100814026,0.5,0.4534,182,182,,167.0,5.509891986846924
초,공립,서구,대전도솔초등학교,대전광역시 서구 원도안로 80. 대전도솔초등학교 (도안동),본교,1141,127.3475014,36.3111845,도안동,정림동1,1885.563696176688,1.5km 초과,5472.427089217033,1141.0,9,0.3614991435201993,0.2899185973700688,0.55,0.4414,190,190,,175.0,5.476590156555176
초,공립,서구,대전도안초등학교,대전광역시 서구 원도안로 200(도안동. 도안초등학교),본교,934,127.344685,36.3217137,도안동,도마동1,2434.964145451308,1.5km 초과,4784.557709174817,934.0,5,0.3135877922458622,0.4195366311834689,0.75,0.553,122,122,,109.0,4.77357816696167
초,공립,서구,대전둔산초등학교,대전광역시 서구 둔산로74번길 20(둔산동.둔산초등학교),본교,407,127.3814036,36.3499471,둔산2동,내동2,1770.502485039349,1.5km 초과,282.3377862625501,407.0,15,0.0,0.7495303694427051,0.25,0.2749,230,230,,215.0,1.558323621749878
초,공립,서구,대전둔원초등학교,대전광역시 서구 대덕대로 112-10(갈마동),본교,540,127.3742794,36.3436193,,내동2,1067.6118747674386,1~1.5km,1186.0756591956524,540.0,9,0.0629469837534601,0.6662492172824045,0.55,0.4271,197,197,,182.0,5.136187076568604
초,공립,서구,대전둔천초등학교,대전광역시 서구 만년로 3. 대전둔천초등학교 (만년동),본교,194,127.3740023,36.3684922,만년동,도룡동2,1581.9105215337809,1.5km 초과,2216.828221098005,194.0,9,0.1347407712123461,0.8829054477144647,0.55,0.492,168,168,,154.0,2.049538373947144
초,공립,서구,대전만년초등학교,대전광역시 서구 만년남로 14(만년동. 만년초등학교),본교,159,127.3773117,36.3671306,만년동,도룡동2,1720.6831695652654,1.5km 초과,1964.649295120244,159.0,9,0.1171760511403986,0.904821540388228,0.55,0.4911,170,170,,155.0,1.4581283330917358
초,공립,서구,대전문정초등학교,대전광역시 서구 문정로 180. 문정초등학교 (둔산동),본교,460,127.3958379,36.3505437,둔산3동,용문동4,1042.977080898721,1~1.5km,1017.443535502736,460.0,13,0.051201450155362,0.7163431433938635,0.35,0.3336,219,219,,204.0,1.947413802146912
초,공립,서구,대전백운초등학교,대전광역시 서구 계룡로576번길 56(괴정동. 대전백운초등학교),본교,664,127.3850093,36.3405387,괴정동,내동2,972.6436410155972,1km 이내,1094.78130597151,664.0,14,0.0565881662895735,0.588603631809643,0.3,0.2847,228,228,,213.0,3.4532389640808105
초,공립,서구,대전변동초등학교,대전광역시 서구 유등로 373(변동) 대전변동초등학교,본교,152,127.3857104,36.3250319,변동,도마·변동2,190.6917781986028,1km 이내,2815.951668574172,152.0,15,0.1764708071487629,0.9092047589229806,0.25,0.3598,215,215,,200.0,1.95647394657135
초,공립,서구,대전복수초등학교,대전광역시 서구 복수중로34번길 29(복수동.대전복수초등학교),본교,702,127.3768451,36.3082137,복수동,복수동2,222.2851796090205,1km 이내,4729.5097914159,702.0,11,0.3097536048242525,0.5648090169067,0.4499999999999999,0.4309,195,195,,180.0,6.699957847595215
초,공립,서구,대전봉산초등학교,대전광역시 서구 신갈마로141번길 45. 대전봉산초등학교 (갈마동),본교,368,127.3659116,36.3451704,갈마1동,내동2,1582.3365340158873,1.5km 초과,1765.933994834693,368.0,9,0.1033351696710387,0.7739511584220413,0.55,0.4608,178,178,,163.0,8.862167358398438
초,공립,서구,대전삼천초등학교,대전광역시 서구 둔산북로 232-33. 대전삼천초등학교 (둔산동),본교,631,127.4012153,36.3539594,둔산3동,용문동4,1350.7992429901196,1~1.5km,1550.8813856528395,631.0,13,0.0883563649736379,0.6092673763306199,0.35,0.3234,220,220,,205.0,2.043902635574341
초,공립,서구,대전샘머리초등학교,대전광역시 서구 유등로 879(둔산동),본교,700,127.3933215,36.3632745,둔산2동,대화동2,1692.0101597072876,1.5km 초과,1632.7166960555346,700.0,13,0.0940563429303647,0.5660613650594866,0.35,0.3164,221,221,,206.0,1.779557704925537
초,공립,서구,대전서부초등학교,대전광역시 서구 동서대로 968(변동),본교,404,127.3690371,36.3333627,변동,내동1,443.4359443221561,1km 이내,2344.5159571569343,404.0,7,0.1436344538696098,0.7514088916718848,0.65,0.5184,151,151,,138.0,7.07689905166626
초,공립,서구,대전서원초등학교,대전광역시 서구 문정로 279(둔산동. 서원초등학교),본교,585,127.3943323,36.3593773,둔산2동,대화동2,1694.3942673058746,1.5km 초과,1330.3382168460212,585.0,11,0.0729951328292293,0.6380713838447089,0.4499999999999999,0.3745,210,210,,195.0,1.2471095323562622
초,공립,서구,대전선암초등학교,대전광역시 서구 관저중로 61(관저동),본교,401,127.3340098,36.2975283,관저2동,정림동1,3261.4859238182817,1.5km 초과,7411.559556631451,401.0,10,0.496563240730141,0.7532874139010645,0.5,0.5496,128,128,,115.0,2.2979776859283447
초,공립,서구,대전선유초등학교,대전광역시 서구 관저남로 60(관저동),본교,835,127.341235,36.2949457,관저2동,정림동1,2796.83446806398,1.5km 초과,7274.358262752018,835.0,9,0.487006921497051,0.4815278647463995,0.55,0.5174,152,152,,139.0,3.4359030723571777
초,공립,서구,대전성룡초등학교,대전광역시 서구 갈마역로 125(월평동. 성룡초등학교),본교,854,127.3735199,36.3619376,월평3동,도룡동2,2308.832757820034,1.5km 초과,1615.0259634931515,854.0,11,0.0928241512865897,0.469630557294928,0.4499999999999999,0.3468,217,217,,202.0,1.0704301595687866
초,공립,서구,대전성천초등학교,대전광역시 서구 갈마역로 139(월평동. 성천초등학교),본교,29,127.3734766,36.3631631,월평2동,도룡동2,2174.247030141954,1.5km 초과,1726.9538305310448,29.0,10,0.100620130451574,0.9862241703193488,0.5,0.4774,173,173,,158.0,1.1791690587997437
초,공립,서구,대전수미초등학교,대전광역시 서구 괴곡길 42(괴곡동. 대전수미초등학교),본교,61,127.3615389,36.2953352,정림동,정림동1,1496.63262084268,1~1.5km,6446.175134489114,61.0,6,0.4293224628935176,0.9661865998747652,0.7,0.672,59,59,,46.0,9.18556022644043
초,공립,서구,대전신계초등학교,대전광역시 서구 복수동로 26(복수동. 신계초등학교),본교,617,127.3778077,36.3019821,복수동,복수동2,916.5821230700714,1km 이내,5404.039972570248,617.0,8,0.3567358566762608,0.6180338134001253,0.6,0.5306,143,143,,130.0,4.559946537017822
초,공립,서구,대전원앙초등학교,대전광역시 서구 관저북로 97. 대전원앙초등학교 (관저동),본교,224,127.3378,36.3114556,관저1동,정림동1,2748.51168062567,1.5km 초과,6018.916047524514,224.0,12,0.3995630917183432,0.8641202254226675,0.4,0.4927,166,166,,152.0,6.691141605377197
초,공립,서구,대전월평초등학교,대전광역시 서구 월평서로 22(월평동.월평초등학교),본교,110,127.358104,36.3557995,월평1동,장대C,1911.191623433192,1.5km 초과,2442.9171680194754,110.0,10,0.1504882768718285,0.9355040701314964,0.5,0.4822,172,172,,157.0,1.376761555671692
초,공립,서구,대전유천초등학교,대전광역시 서구 제비네6길 69(도마동),본교,485,127.3754395,36.3141096,도마2동,도마·변동12,143.41758597863358,1km 이내,4106.677671876554,485.0,12,0.2663722168311453,0.7006887914840325,0.4,0.42,201,201,,186.0,3.7988440990448
초,공립,서구,대전정림초등학교,대전광역시 서구 정림로 32(정림동)대전정림초등학교,본교,444,127.3665373,36.3036623,정림동,정림동1,473.740767044916,1km 이내,5429.093817204686,444.0,8,0.3584809024449496,0.7263619286161553,0.6,0.5528,123,123,,110.0,2.7691426277160645
초,공립,서구,대전탄방초등학교,대전광역시 서구 탄방로 15(탄방동. 대전탄방초등학교),본교,602,127.3911856,36.3456534,탄방동,용문동1·2·3,860.3533159904994,1km 이내,798.1729440826726,602.0,16,0.0359288553365411,0.6274264245460238,0.1999999999999999,0.2363,237,237,,222.0,2.5706946849823
초,공립,서구,대전탄방초등학교용문분교장,대전광역시 서구 도솔로 500,분교장,493,127.3975163,36.3409359,용문동,용문동1·2·3,104.84408536631156,1km 이내,1570.417904949515,493.0,15,0.0897171190148244,0.6956793988728867,0.25,0.2911,226,226,,211.0,2.6709115505218506
초,공립,서구,대전호수초등학교,대전광역시 서구 도안동로 182-20(도안동),본교,897,127.3502082,36.3204731,도안동,도마·변동13,1932.7730833420048,1.5km 초과,4526.616002676011,897.0,7,0.2956216840472274,0.4427050720100187,0.65,0.5022,160,160,,146.0,1.634430170059204
초,공립,서구,한밭초등학교,대전광역시 서구 문정로 221(둔산동),본교,1604,127.3941584,36.3545007,둔산1동,용문동4,1506.6489797668278,1.5km 초과,978.7176828899796,1604.0,11,0.048504124206918,0.0,0.4499999999999999,0.2396,236,236,,221.0,1.5431984663009644
초,사립,서구,대전삼육초등학교,대전광역시 서구 도림1길 15. 대전삼육초등학교 (도마동),본교,511,127.3727877,36.3115181,도마2동,도마·변동12,256.30496783049057,1km 이내,4439.071182449396,511.0,10,0.2895240283645909,0.6844082654978083,0.5,0.4737,176,176,,161.0,6.080471515655518
초,공립,유성구,구즉초등학교,대전광역시 유성구 구룡달전로 34(봉산동),본교,418,127.3822122,36.4407059,구즉동,덕암동1,3536.565194868779,1.5km 초과,10019.021992834558,418.0,3,0.6781777337431877,0.7426424546023795,0.85,0.777,26,26,Y,,8.515974998474121
초,공립,유성구,금성초등학교,대전광역시 유성구 신성로72번길 5(신성동. 금성초등학교),본교,338,127.3500818,36.3893002,신성동,도룡동2,2471.3047868108856,1.5km 초과,5305.725704573552,338.0,1,0.349888089402509,0.7927363807138385,0.95,0.7385,35,35,,24.0,3.7172908782958975
초,공립,유성구,남선초등학교,대전광역시 유성구 계백로93번길 277-29(송정동. 남선초등학교),본교,44,127.2646541,36.2873073,진잠동,정림동1,9558.46248761252,1.5km 초과,12833.80877016533,44.0,0,0.8742327435515574,0.9768315591734502,1.0,0.9576,3,3,Y,,12.314973831176758
초,공립,유성구,대덕초등학교,대전광역시 유성구 대덕대로556번길 102(도룡동),본교,641,127.3817273,36.3850882,신성동,도룡동2,552.7132746672427,1km 이내,3855.7017373794097,641.0,3,0.2488912873000768,0.6030056355666875,0.85,0.6203,84,84,,71.0,13.912479400634766
초,공립,유성구,대덕초등학교도룡분교장,대전광역시 유성구 엑스포로97번길 100(도룡동),분교장,60,127.3913403,36.3787207,신성동,도룡동2,1410.7616985229283,1~1.5km,3200.7507865754915,60.0,4,0.2032727643916989,0.9668127739511584,0.8,0.6543,70,70,,57.0,13.375835418701172
초,공립,유성구,대전계산초등학교,대전광역시 유성구 학하서로 74(계산동),본교,708,127.2993032,36.3438972,학하동,장대A,3449.307479769773,1.5km 초과,7678.762542641024,708.0,2,0.5151744138622707,0.5610519724483407,0.9,0.7168,39,39,Y,,6.706846237182617
초,공립,유성구,대전관평초등학교,대전광역시 유성구 테크노4로 132(관평동),본교,414,127.3876376,36.4245116,관평동,덕암동1,3887.8544108313695,1.5km 초과,8225.418322442683,414.0,6,0.5532499814803795,0.7451471509079524,0.7,0.665,64,64,,51.0,1.5749648809432983
초,공립,유성구,대전교촌초등학교,대전광역시 유성구 진잠로149번길 42(교촌동.대전교촌초등학교),본교,279,127.3167901,36.306002,진잠동,정림동1,4607.969242594512,1.5km 초과,7822.034851438017,279.0,6,0.5251535903074218,0.8296806512210395,0.7,0.6735,58,58,,45.0,3.689442873001098
초,공립,유성구,대전노은초등학교,대전광역시 유성구 노은동로99번길 35. 대전노은초등학교 (노은동.노은초등학교),본교,686,127.3212215,36.368934,노은1동,장대A,1437.3980280005842,1~1.5km,6037.910096274051,686.0,8,0.4008860617009656,0.5748278021289919,0.6,0.5352,140,140,,127.0,1.407307267189026
초,공립,유성구,대전대정초등학교,대전광역시 유성구 대정로28번길 55   대전대정초등학교(대정동),본교,260,127.3232795,36.3152767,진잠동,정림동1,4106.834986956222,1.5km 초과,6735.463500620907,260.0,6,0.4494719228512625,0.841577958672511,0.7,0.6532,71,71,,58.0,3.751725673675537
초,공립,유성구,대전동화초등학교,대전광역시 유성구 관평2로 43(관평동. 대전동화초등학교),본교,688,127.3895368,36.4226468,관평동,신대주공,3842.467419944969,1.5km 초과,8026.476653542327,688.0,5,0.5393933330259841,0.5735754539762055,0.75,0.6515,72,72,,59.0,1.5981181859970093
초,공립,유성구,대전두리초등학교,대전광역시 유성구 와룡로 37(송강동) 대전두리초등학교,본교,491,127.3820834,36.428809,구즉동,덕암동1,4022.162041198942,1.5km 초과,8699.983157708084,491.0,6,0.5863042839170618,0.6969317470256731,0.7,0.6653,63,63,,50.0,7.353936195373535
초,공립,유성구,대전둔곡초등학교,대전광역시 유성구 과학인재4길 10(둔곡동),본교,428,127.3646634,36.4534382,구즉동,덕암동1,5089.064042468478,1.5km 초과,11566.810431900603,428.0,0,0.785984008821023,0.736380713838447,1.0,0.8831,9,9,,3.0,9.12816047668457
초,공립,유성구,대전반석초등학교,대전광역시 유성구 반석동로 30(반석동.대전반석초등학교),본교,1030,127.3131023,36.3899585,노은3동,장대A,3780.192425923206,1.5km 초과,7763.631740853012,1030.0,6,0.5210857076135006,0.3594239198497182,0.7,0.5782,105,105,,92.0,2.1711618900299072
초,공립,유성구,대전배울초등학교,대전광역시 유성구 배울2로 8(관평동. 대전배울초등학교),본교,568,127.3841009,36.4218889,관평동,신대주공,4170.55361000187,1.5km 초과,7929.767938416185,568.0,5,0.5326573954248454,0.6487163431433939,0.75,0.6645,66,66,,53.0,4.620335578918457
초,공립,유성구,대전복용초등학교,대전광역시 유성구 상대복용로65번길 36(복용동),본교,802,127.3276981,36.3350119,상대동,장대B,2622.515518204749,1.5km 초과,5375.382029268159,802.0,6,0.3547397788914608,0.5021916092673764,0.7,0.5569,116,116,,103.0,1.9595340490341189
초,공립,유성구,대전봉명초등학교,대전광역시 유성구 계룡로132번길 62(봉명동),본교,684,127.3434709,36.3496096,원신흥동,장대C,1098.31766420204,1~1.5km,3682.4967760006166,684.0,10,0.2368272472543227,0.5760801502817783,0.5,0.4363,192,192,,177.0,1.250877022743225
초,공립,유성구,대전상대초등학교,대전광역시 유성구 월드컵대로 322(상대동. 상대초등학교),본교,634,127.3365151,36.3474262,상대동,장대B,1141.317787716658,1~1.5km,4318.259316565324,634.0,8,0.2811092625494232,0.6073888541014403,0.6,0.5058,158,158,,144.0,2.5839431285858154
초,공립,유성구,대전상원초등학교,대전광역시 유성구 상대서로 46. 대전상원초등학교 (상대동),본교,746,127.3333047,36.3424244,상대동,장대B,1710.7855817835264,1.5km 초과,4678.262752267066,746.0,6,0.306184155499035,0.5372573575453976,0.7,0.5493,129,129,,116.0,4.4676833152771
초,공립,유성구,대전상지초등학교,대전광역시 유성구 노은동로 165(지족동.대전상지초등학교),본교,466,127.322113,36.3753649,노은1동,장대A,1971.2237407475989,1.5km 초과,6244.502365168628,466.0,9,0.4152755883360411,0.7125860989355041,0.55,0.5421,135,135,,122.0,4.06179141998291
초,공립,유성구,대전새미래초등학교,대전광역시 유성구 지족로 168(지족동. 대전새미래초등학교),본교,948,127.3031653,36.3792934,노은3동,장대A,3409.9462181835897,1.5km 초과,7969.434017589564,948.0,7,0.5354202098603924,0.4107701941139636,0.65,0.5678,110,110,,97.0,8.26464557647705
초,공립,유성구,대전송강초등학교,대전광역시 유성구 송강로42번길 6. 대전송강초등학교 (송강동),본교,289,127.384204,36.4342453,구즉동,덕암동1,3580.365993581299,1.5km 초과,9300.330470118492,289.0,6,0.6281195642683024,0.823418910457107,0.7,0.7031,47,47,,34.0,1.863849401473999
초,공립,유성구,대전송림초등학교,대전광역시 유성구 노은로410번길 123-14(하기동),본교,184,127.3323062,36.3888958,노은2동,장대A,3241.3074228520627,1.5km 초과,6336.778897608197,184.0,5,0.4217028163656107,0.889167188478397,0.75,0.6793,56,56,,43.0,6.71697473526001
초,공립,유성구,대전수정초등학교,대전광역시 유성구 노은서로 62(노은동. 대전수정초등학교),본교,146,127.3134568,36.3661138,노은1동,장대A,1845.986344785092,1.5km 초과,6607.907180059878,146.0,6,0.4405873935220367,0.91296180338134,0.7,0.6648,65,65,,52.0,7.606689453125
초,공립,유성구,대전어은초등학교,대전광역시 유성구 농대로 46(어은동),본교,510,127.3536946,36.3648963,온천2동,장대C,1683.441457867188,1.5km 초과,3197.5413973689474,510.0,11,0.2030492246062219,0.6850344395742016,0.4499999999999999,0.4229,200,200,,185.0,2.994069099426269
초,공립,유성구,대전용산초등학교,대전광역시 유성구 배울2로 101(용산동),본교,1126,127.3950763,36.4201335,관평동,신대주공,3287.6557699142627,1.5km 초과,7792.917839999573,1126.0,5,0.5231255375934015,0.2993112085159675,0.75,0.5918,96,96,,83.0,2.285569190979004
초,공립,유성구,대전원신흥초등학교,대전광역시 유성구 원신흥로55번길 37(원신흥동. 대전원신흥초등학교),본교,243,127.3425185,36.3409794,원신흥동,장대B,1947.7079635531704,1.5km 초과,3909.358644423484,243.0,6,0.2526285882997598,0.852222917971196,0.7,0.5962,94,94,,81.0,1.8223856687545776
초,공립,유성구,대전원신흥초등학교복용분교장,대전광역시 유성구 유성대로 600(상대동),분교장,669,127.3303713,36.346743,상대동,장대B,1313.2408965726847,1~1.5km,4873.85140665279,669.0,8,0.3198072604044666,0.5854727614276769,0.6,0.513,154,154,Y,,4.815344333648682
초,공립,유성구,대전자운초등학교,대전광역시 유성구 자운로97번길 380(신봉동.자운초등학교),본교,357,127.3387617,36.4123998,신성동,도룡동2,4720.382725821635,1.5km 초과,8007.764161602424,357.0,0,0.5380899739863714,0.7808390732623669,1.0,0.8176,19,19,,9.0,4.070468902587891
초,공립,유성구,대전장대초등학교,대전광역시 유성구 문화원로19번길 16(장대동),본교,315,127.3395598,36.3615475,온천2동,장대C,456.3283926644965,1km 이내,4217.415439723759,315.0,9,0.2740853034266524,0.8071383844708829,0.55,0.5187,150,150,,137.0,2.306817054748535
초,공립,유성구,대전전민초등학교,대전광역시 유성구 엑스포로466번길 42(전민동.대전전민초등학교),본교,985,127.4069267,36.3985633,전민동,신대주공,1331.68020872622,1~1.5km,5708.551587101337,985.0,2,0.3779456435256466,0.3876017532874138,0.9,0.6409,77,77,,64.0,1.1795941591262815
초,공립,유성구,대전죽동초등학교,대전광역시 유성구 죽동로 52(죽동) 죽동초등학교,본교,818,127.3356513,36.370421,온천2동,장대A,1226.5430735563446,1~1.5km,4913.057412754529,818.0,7,0.3225380299152259,0.4921728240450845,0.65,0.5202,148,148,,135.0,3.8038082122802734
초,공립,유성구,대전지족초등학교,대전광역시 유성구 노은서로 238(지족동),본교,426,127.3172754,36.3805555,노은2동,장대A,2685.6760220555934,1.5km 초과,6896.2318059508825,426.0,9,0.4606697272221615,0.7376330619912336,0.55,0.5607,113,113,,100.0,5.577076435089111
초,공립,유성구,대전하기초등학교,대전광역시 유성구 송림로19번길 32(하기동)대전하기초등학교,본교,348,127.3215859,36.388574,노은2동,장대A,3349.943809439751,1.5km 초과,7055.588922196813,348.0,6,0.4717692397110813,0.7864746399499061,0.7,0.6488,73,73,,60.0,5.940122127532959
초,공립,유성구,덕송초등학교,대전광역시 유성구 현충원로 265(덕명동),본교,157,127.3019117,36.3611802,학하동,장대A,2743.125889331805,1.5km 초과,7505.787795477517,157.0,3,0.5031264086546079,0.9060738885410144,0.85,0.7572,31,31,,20.0,8.971661567687988
초,공립,유성구,문지초등학교,대전광역시 유성구 전민로 41(문지동),본교,339,127.3994116,36.395831,전민동,신대주공,2045.878410433776,1.5km 초과,5213.781170555941,339.0,2,0.3434839856658335,0.7921102066374452,0.9,0.7115,43,43,,31.0,6.885412216186523
초,공립,유성구,봉암초등학교,대전광역시 유성구 궁동로 21(궁동. 봉암초등학교),본교,37,127.3476616,36.3640974,온천2동,장대C,1172.9254258250726,1~1.5km,3637.61255861409,37.0,7,0.2337009800177326,0.9812147777082028,0.65,0.5914,97,97,,84.0,6.478299617767334
초,공립,유성구,외삼초등학교,대전광역시 유성구 반석동로 63(반석동.외삼초등학교),본교,580,127.3105126,36.3928996,노은3동,장대A,4176.999154965039,1.5km 초과,8140.725443478614,580.0,4,0.5473509686849074,0.6412022542266751,0.8,0.6924,50,50,,37.0,2.574988603591919
초,공립,유성구,유성초등학교,대전광역시 유성구 장대로71번길 12(장대동. 유성초등학교),본교,108,127.3337025,36.3624162,온천2동,장대A,324.8225534501768,1km 이내,4748.475213311463,108.0,10,0.3110745808945183,0.936756418284283,0.5,0.5307,142,142,,129.0,4.037842750549316
초,공립,유성구,진잠초등학교,대전광역시 유성구 진잠로59번길 53. 진잠초등학교 (원내동. 진잠초등학교),본교,287,127.3151578,36.2991072,진잠동,정림동1,4846.383267750176,1.5km 초과,8432.50625981298,287.0,5,0.567674032324767,0.8246712586098935,0.75,0.7102,44,44,Y,,5.0120463371276855
초,공립,유성구,학하초등학교,대전광역시 유성구 진잠옛로 165. 학하초등학교 (학하동),본교,156,127.3122319,36.3343471,학하동,장대A,3343.265548136355,1.5km 초과,6725.105671779975,156.0,2,0.4487504812659328,0.9067000626174077,0.9,0.766,29,29,,18.0,1.753861665725708
초,공립,유성구,흥도초등학교,대전광역시 유성구 원신흥남로 20(원신흥동. 흥도초등학교),본교,772,127.3387326,36.3341902,원신흥동,장대B,2620.4728646494145,1.5km 초과,4483.348916262306,772.0,8,0.2926080529190954,0.5209768315591734,0.6,0.492,168,168,Y,,1.4386719465255735
중,공립,대덕구,대전대화중학교,대전광역시 대덕구 대오길 9(오정동. 대화중학교),본교,205,127.4144954,36.3615056,오정동,소라,185.2602633119459,1km 이내,2959.745256000376,205.0,7,0.1864862915969167,0.876017532874139,0.65,0.5561,117,117,,104.0,8.756675720214844
중,공립,대덕구,대전매봉중학교,대전광역시 대덕구 선비마을로 165(송촌동.대전매봉중학교),본교,656,127.4360113,36.3693507,송촌동,법동2,886.722816843345,1km 이내,5077.006366606007,656.0,4,0.3339573722307047,0.593613024420789,0.8,0.6189,87,87,,74.0,7.964955806732178
중,공립,대덕구,대전법동중학교,대전광역시 대덕구 쌍청당로 55(법동),본교,364,127.4333447,36.3667155,법2동,중리주공2,793.8352597904327,1km 이내,4741.226736163622,364.0,5,0.310569711300217,0.7764558547276142,0.75,0.6235,82,82,,69.0,3.037421464920044
중,공립,대덕구,대전송촌중학교,대전광역시 대덕구 계족산로 110(송촌동),본교,739,127.4433377,36.3639866,송촌동,비래동2,767.4488672873946,1km 이내,5489.795303401708,739.0,5,0.3627088711733749,0.5416405760801503,0.75,0.5921,95,95,,82.0,4.743870735168457
중,공립,대덕구,대전용전중학교,대전광역시 대덕구 한밭대로1146번길 46. 대전용전중학교 (중리동),본교,271,127.4252389,36.356718,중리동,오정동1,714.6268573734366,1km 이내,3721.8185112342335,271.0,7,0.2395660775092451,0.8346900438321854,0.65,0.5638,112,112,,99.0,5.193670272827148
중,공립,대덕구,신탄중앙중학교,대전광역시 대덕구 덕암로 233. 24 (덕암동),본교,265,127.4243139,36.4413849,덕암동,덕암동1,695.6789443909959,1km 이내,10705.153905860072,265.0,1,0.725968067285118,0.8384470882905448,0.95,0.8605,13,13,,4.0,2.712388515472412
중,공립,대덕구,오정중학교,대전광역시 대덕구 한남로150번길 135(오정동. 오정중학교),본교,92,127.4078997,36.3510997,오정동,중촌시영,1100.643372252946,1~1.5km,2101.0171556481782,92.0,7,0.1266743202273039,0.9467752035065748,0.65,0.5524,124,124,,111.0,1.754150629043579
중,공립,대덕구,중리중학교,대전광역시 대덕구 중리동로 85(중리동. 대전중리중학교),본교,115,127.4274172,36.3665971,중리동,중리주공2,388.9798672888769,1km 이내,4248.967298715944,115.0,6,0.2762829476937081,0.9323731997495304,0.7,0.6194,86,86,,73.0,3.4734349250793457
중,공립,대덕구,회덕중학교,대전광역시 대덕구 신탄진로218번길 22(와동. 대전회덕중학교),본교,111,127.4256826,36.4009441,회덕동,신대주공,380.32755621643145,1km 이내,6714.003382245605,111.0,1,0.4479771866415989,0.9348778960551032,0.95,0.7964,21,21,,11.0,7.892746925354004
중,사립,대덕구,대전경덕중학교,대전광역시 대덕구 동산초교로63번길 12(오정동),본교,227,127.4230613,36.349831,오정동,오정동1,268.47530423203415,1km 이내,3460.590105933657,227.0,7,0.2213710447714559,0.8622417031934878,0.65,0.5639,111,111,,98.0,4.74751091003418
중,사립,대덕구,신탄진중학교,대전광역시 대덕구 석봉로 15. 신탄진중학교 (석봉동),본교,409,127.4225837,36.4475861,석봉동,덕암동1,164.1666809395215,1km 이내,11308.081337430523,409.0,1,0.7679630576205404,0.7482780212899186,0.95,0.855,14,14,,5.0,3.261204242706299
중,공립,동구,대전가양중학교,대전광역시 동구 비래서로62번길 100(가양동. 대전가양중학교),본교,391,127.4486567,36.3508171,가양2동,가양동8,175.85505130674665,1km 이내,5756.777766797291,391.0,4,0.3813046845050406,0.7595491546649968,0.8,0.6663,62,62,,49.0,3.760786533355713
중,공립,동구,대전가오중학교,대전광역시 동구 은어송로 79(가오동. 대전가오중학교),본교,531,127.4570942,36.308569,효동,가오동1,410.77812891423554,1km 이내,7998.7288069581155,531.0,4,0.5374606451300337,0.6718847839699437,0.8,0.6956,48,48,,35.0,2.815218448638916
중,공립,동구,대전용운중학교,대전광역시 동구 용운로 208(용운동. 용운중학교),본교,405,127.4650305,36.3253321,용운동,판암2,1335.0341885869202,1~1.5km,7743.394964067092,405.0,4,0.5196761793667408,0.7507827175954915,0.8,0.7061,45,45,,32.0,13.347816467285156
중,공립,동구,대전은어송중학교,대전광역시 동구 동구청로 26(대성동. 대전은어송중학교),본교,733,127.4609474,36.3004121,산내동,옥계동4,672.6587035178833,1km 이내,8821.865738495246,733.0,1,0.5947936269693112,0.5453976205385097,0.95,0.7625,30,30,,19.0,10.599570274353027
중,공립,동구,동대전중학교,대전광역시 동구 충정로 73-6. 동대전중학교(가양동. 동대전중학교),본교,140,127.4559046,36.3451364,가양2동,자양동2,580.4889127451258,1km 이내,6433.703026043469,140.0,4,0.4284537578948532,0.9167188478396996,0.8,0.7119,42,42,,30.0,12.63136863708496
중,공립,동구,동신중학교,대전광역시 동구 동부로 56-22(판암동. 동신중학교),본교,71,127.459643,36.3200355,판암2동,판암2,597.8589983551682,1km 이내,7537.978494469053,71.0,4,0.5053685492875508,0.9599248591108328,0.8,0.7436,33,33,,22.0,6.80723237991333
중,공립,동구,충남중학교,대전광역시 동구 계족로 123(신흥동. 충남중학교),본교,792,127.4440635,36.3245875,신인동,신흥동5,476.5798009605341,1km 이내,6063.861898264589,792.0,11,0.4026936518299148,0.5084533500313086,0.4499999999999999,0.4475,185,185,,170.0,3.915233850479126
중,공립,동구,한밭여자중학교,대전광역시 동구 동대전로110번길 74-57. 한밭여자중학교 (대동),본교,372,127.4489263,36.3299454,대동,대동4·8,332.6179218626484,1km 이내,6210.798598817759,372.0,6,0.4129280598142663,0.7714464621164684,0.7,0.6282,81,81,,68.0,8.407718658447266
중,공립,동구,한밭중학교,대전광역시 동구 태전로 67(삼성동),본교,74,127.4264779,36.3351481,삼성동,삼성1,141.66157795721816,1km 이내,4129.384330078463,74.0,11,0.2679537768030562,0.9580463368816532,0.4499999999999999,0.497,164,164,,150.0,1.5619187355041504
중,사립,동구,대전대성여자중학교,대전광역시 동구 대성2길 20(가양동),본교,184,127.4416481,36.3368783,가양1동,대전역삼성4,530.0376286142504,1km 이내,5343.01764557994,184.0,8,0.3524855408040371,0.889167188478397,0.6,0.5836,102,102,,89.0,4.600063323974609
중,사립,동구,보문중학교,대전광역시 동구 우암로 57(삼성동. 보문중학교),본교,248,127.4239609,36.3365961,삼성동,삼성1,260.3523218205278,1km 이내,3857.8901405547895,248.0,10,0.2490437135546938,0.8490920475892298,0.5,0.4945,165,165,,151.0,2.2208101749420166
중,사립,동구,우송중학교,대전광역시 동구 동대전로131번길 53(자양동) 우송중학교,본교,189,127.4433667,36.3348585,자양동,대동4·8,412.2240397383376,1km 이내,5556.644823700301,189.0,8,0.3673650616398705,0.8860363180964308,0.6,0.5874,100,100,,87.0,4.374329090118408
중,공립,중구,대전글꽃중학교,대전광역시 중구 계룡로918번길 103(문화동. 대전글꽃중학교),본교,890,127.4086577,36.3186225,문화1동,문화동2,55.12856022237091,1km 이내,4138.184529639134,890.0,9,0.2685667266808509,0.4470882905447714,0.55,0.445,189,189,,174.0,1.4332317113876345
중,공립,중구,대전대문중학교,대전광역시 중구 송리로 33(문화동. 대전대문중학교),본교,78,127.4007655,36.3079485,문화2동,문화동10,405.7953631829317,1km 이내,4929.865009350354,78.0,5,0.323708709535433,0.9555416405760802,0.75,0.6632,67,67,,54.0,4.053792476654053
중,공립,중구,대전문화여자중학교,대전광역시 중구 문화로218번길 63. 대전문화여자중학교 (문화동),본교,146,127.4101816,36.3129522,문화1동,문화동5,463.807514758419,1km 이내,4750.38050824947,146.0,8,0.3112072881463667,0.91296180338134,0.6,0.576,107,107,,94.0,3.954292058944702
중,공립,중구,대전여자중학교,대전광역시 중구 보문로230번길 69. 대전여자중학교 (대흥동),본교,469,127.4263304,36.3248732,대흥동,선화1-A,427.9370529478974,1km 이내,4702.045594817758,469.0,14,0.3078406736648509,0.7107075767063243,0.3,0.3845,209,209,,194.0,1.303690791130066
중,공립,중구,대전중학교,대전광역시 중구 수도산로 9. 대전중학교 (대흥동. 대전중학교),본교,299,127.4254236,36.3209574,대흥동,대흥2,156.50224253532215,1km 이내,4914.657423539513,299.0,12,0.3226494735715163,0.8171571696931748,0.4,0.4602,179,179,,164.0,2.8274810314178467
중,공립,중구,대전태평중학교,대전광역시 중구 수침로111번길 12(태평동),본교,532,127.3973928,36.3294894,태평1동,태평동5,172.0889605959229,1km 이내,2591.980971928304,532.0,7,0.1608708414670523,0.6712586098935505,0.65,0.5075,156,156,,142.0,1.5521289110183716
중,공립,중구,충남여자중학교,대전광역시 중구 동서대로 1368(목동.충남여자중학교),본교,1006,127.4109427,36.3301968,목동,용두동3,332.0430897218435,1km 이내,3263.8540043264384,1006.0,11,0.207668018083644,0.3744520976831559,0.4499999999999999,0.3622,213,213,,198.0,4.745916843414307
중,사립,중구,대전대성중학교,대전광역시 중구 목동로 23. (목동.대성중학교),본교,447,127.4074387,36.3325318,목동,용두동2,536.0874809047214,1km 이내,2857.5228642948287,447.0,9,0.1793663164109202,0.7244834063869756,0.55,0.4737,176,176,,161.0,6.389558792114258
중,사립,중구,대전동산중학교,대전광역시 중구 문화로 183(문화동),본교,267,127.4051186,36.3153785,문화1동,문화동7,132.52145303945818,1km 이내,4302.844855646456,267.0,9,0.2800356173586122,0.8371947401377583,0.55,0.5264,145,145,,132.0,2.8308444023132324
중,사립,중구,대전신일중학교,대전광역시 중구 부사로32번길 27(부사동.대전신일중학교),본교,300,127.4345299,36.3091404,부사동,부사동5,374.9395848200703,1km 이내,6411.472916909783,300.0,5,0.4269053904308071,0.8165309956167814,0.75,0.6664,61,61,,48.0,12.414152145385742
중,사립,중구,대전중앙중학교,대전광역시 중구 대종로 634(중촌동),본교,276,127.4151938,36.3381487,중촌동,삼성3,542.5163270447254,1km 이내,3071.284518352884,276.0,9,0.1942552037399801,0.8315591734502191,0.55,0.4996,163,163,,149.0,1.9512465000152588
중,사립,중구,동명중학교,대전광역시 중구 사득로54번길 29. 동명중학교 (석교동),본교,119,127.438432,36.3084918,석교동,문창석교1,488.14384499855055,1km 이내,6711.081789969591,119.0,5,0.4477736924348821,0.9298685034439574,0.75,0.6953,49,49,,36.0,9.414133071899414
중,사립,중구,청란여자중학교,대전광역시 중구 보문로95번길 40. 청란여자중학교 (부사동),본교,20,127.4296172,36.3109466,부사동,부사동5,162.94618235034008,1km 이내,5962.191040227596,20.0,6,0.3956120919653447,0.991859737006888,0.7,0.6671,60,60,,47.0,12.46269416809082
중,사립,중구,호수돈여자중학교,대전광역시 중구 선화로 50(용두동.호수돈여자중.고등학교),본교,324,127.413465,36.3265502,은행선화동,용두동3,132.19486564789923,1km 이내,3708.771348097387,324.0,11,0.23865731890722,0.8015028177833438,0.4499999999999999,0.4569,181,181,,166.0,5.378050804138184
중,공립,서구,가수원중학교,대전광역시 서구 가수원로 26(가수원동),본교,143,127.3548124,36.2982823,가수원동,정림동1,1587.3379885879283,1.5km 초과,6365.513057621923,143.0,5,0.4237042027827618,0.9148403256105198,0.75,0.6851,55,55,,42.0,4.568653583526611
중,공립,서구,갈마중학교,대전광역시 서구 계룡로326번길 138(갈마동.갈마중학교),본교,63,127.3646118,36.3474707,갈마1동,내동2,1853.6956255382609,1.5km 초과,1813.8882309010576,63.0,9,0.1066752692828677,0.9649342517219788,0.55,0.5,162,162,,148.0,9.396450996398926
중,공립,서구,기성중학교,대전광역시 서구 장안로 54.(흑석동),본교,29,127.3411563,36.2499908,기성동,정림동1,6847.371381948651,1.5km 초과,11797.752118102524,29.0,0,0.8020695165824369,0.9862241703193488,1.0,0.9379,5,5,,1.0,4.331879138946533
중,공립,서구,대전갑천중학교,대전광역시 서구 월평동로 80(월평동. 갑천중학교),본교,731,127.3691739,36.3619688,월평3동,도룡동2,2380.378871949478,1.5km 초과,1880.8208668481825,731.0,6,0.1113372489051954,0.5466499686912962,0.7,0.4927,166,166,,152.0,1.2351864576339722
중,공립,서구,대전관저중학교,대전광역시 서구 관저동로 143(관저동. 관저중학교),본교,828,127.3397644,36.3056354,관저1동,정림동1,2552.1157161971664,1.5km 초과,6385.608625280513,828.0,5,0.4251038955574115,0.4859110832811522,0.75,0.5997,91,91,,78.0,2.2257192134857178
중,공립,서구,대전괴정중학교,대전광역시 서구 가장로 15(괴정동.대전괴정중학교),본교,555,127.3790856,36.3402017,괴정동,내동2,670.0791248559553,1km 이내,1231.1303942918769,555.0,8,0.0660851278581373,0.656856606136506,0.6,0.4512,183,183,,168.0,2.880179643630981
중,공립,서구,대전구봉중학교,대전광역시 서구 관저서로 86(관저동. 대전구봉중학교),본교,687,127.3301551,36.3004178,관저2동,정림동1,3499.914260217283,1.5km 초과,7384.409032700584,687.0,4,0.4946721574415459,0.5742016280525986,0.8,0.6632,67,67,,54.0,2.746614456176758
중,공립,서구,대전남선중학교,대전광역시 서구 월평북로 41(월평동. 남선중학교),본교,160,127.372306,36.3632381,월평2동,도룡동2,2181.065767261776,1.5km 초과,1795.7642141473164,160.0,7,0.1054128986084569,0.9041953663118348,0.65,0.5375,138,138,,125.0,1.2136741876602173
중,공립,서구,대전내동중학교,대전광역시 서구 배재로 263(변동),본교,498,127.370415,36.3323785,변동,내동1,286.1734927311,1km 이내,2365.0464383633066,498.0,7,0.1450644391625288,0.6925485284909205,0.65,0.507,157,157,,143.0,7.294496536254883
중,공립,서구,대전느리울중학교,대전광역시 서구 관저중로64번길 84(관저동),본교,760,127.3395222,36.2973786,관저2동,정림동1,2809.474467733735,1.5km 초과,7133.477713898138,760.0,6,0.4771943354746213,0.5284909204758923,0.7,0.5989,92,92,,79.0,2.4650275707244877
중,공립,서구,대전도마중학교,대전광역시 서구 도솔2길 22(도마동. 대전도마중학교),본교,174,127.3718715,36.3188315,도마2동,도마·변동16,523.150831913044,1km 이내,3680.455395624671,174.0,9,0.2366850614046335,0.8954289292423294,0.55,0.5251,146,146,,133.0,5.482917308807373
중,공립,서구,대전도안중학교,대전광역시 서구 원도안로 160(도안동. 대전도안중학교),본교,941,127.3451717,36.3181204,도안동,도마·변동13,2278.199392631853,1.5km 초과,5027.686755770226,941.0,2,0.3305221717870948,0.4151534126487163,0.9,0.6322,80,80,,67.0,6.691768646240234
중,공립,서구,대전둔산중학교,대전광역시 서구 갈마역로25번길 70(갈마동) 대전둔산중학교,본교,541,127.372252,36.3533151,갈마1동,내동2,2155.9394391363007,1.5km 초과,1145.5421348632854,541.0,8,0.060123750187582,0.6656230432060113,0.6,0.4512,183,183,,168.0,4.393767833709717
중,공립,서구,대전둔원중학교,대전광역시 서구 괴정로11번길 73(갈마동. 둔원중학교),본교,576,127.3765274,36.3425045,갈마2동,내동2,910.5492639227372,1km 이내,1130.8315003567802,576.0,8,0.0590991277843195,0.6437069505322479,0.6,0.4465,188,188,,173.0,3.6919913291931152
중,공립,서구,대전만년중학교,대전광역시 서구 만년남로 17(만년동. 대전만년중학교),본교,250,127.3759751,36.3670425,만년동,도룡동2,1728.748060064996,1.5km 초과,1998.180680335589,250.0,6,0.1195115730030943,0.8478396994364433,0.7,0.5554,119,119,,106.0,1.5350265502929688
중,공립,서구,대전문정중학교,대전광역시 서구 둔산북로 232-11. 대전문정중학교 (둔산동),본교,1215,127.4008621,36.3549761,둔산3동,소라,1408.0253372167886,1~1.5km,1553.356716923652,1215.0,4,0.0885287762910729,0.2435817157169693,0.8,0.4753,174,174,,159.0,1.9520729780197144
중,공립,서구,대전버드내중학교,대전광역시 서구 유등로 285(도마동),본교,771,127.3832698,36.3167368,도마1동,도마·변동6,165.78442257368397,1km 이내,3735.586311558048,771.0,10,0.2405250297997929,0.5216030056355667,0.5,0.4265,198,198,,183.0,2.080617904663086
중,공립,서구,대전변동중학교,대전광역시 서구 도산로181번길 39(변동),본교,284,127.3759137,36.3244764,변동,변동B,168.97553563987594,1km 이내,2976.927293639032,284.0,8,0.1876830517156241,0.8265497808390733,0.6,0.5216,147,147,,134.0,6.414732933044434
중,공립,서구,대전봉산중학교,대전광역시 서구 배재로262번길 60(변동. 봉산중학교),본교,137,127.3735491,36.3304754,변동,내동1,116.46837387078526,1km 이내,2418.697657085388,137.0,7,0.1488013439602567,0.9185973700688792,0.65,0.5534,121,121,,108.0,5.615835666656494
중,공립,서구,대전봉우중학교,대전광역시 서구 관저로 102(관저동. 대전봉우중학교),본교,729,127.3326745,36.2987466,관저2동,정림동1,3331.1598215888653,1.5km 초과,7380.028539956674,729.0,5,0.4943670481683358,0.5479023168440826,0.75,0.6329,79,79,,66.0,2.145216226577759
중,공립,서구,대전삼천중학교,대전광역시 서구 문정로 271(둔산동),본교,1108,127.3940265,36.3585826,둔산2동,대화동2,1751.427571366221,1.5km 초과,1246.7430449955975,1108.0,5,0.0671725773273135,0.3105823418910457,0.75,0.4573,180,180,,165.0,1.302526354789734
중,공립,서구,대전서중학교,대전광역시 서구 동서대로997번길 57(괴정동. 대전서중학교),본교,161,127.3740189,36.3357952,괴정동,내동2,341.7083292211696,1km 이내,1873.2149714652016,161.0,8,0.1108074844818576,0.9035691922354414,0.6,0.514,153,153,,140.0,5.438927173614502
중,공립,서구,대전신계중학교,대전광역시 서구 복수동로 40-30(복수동),본교,536,127.377418,36.3019711,복수동,복수동2,912.7246505416816,1km 이내,5409.251203952701,536.0,6,0.3570988284040055,0.6687539135879774,0.7,0.5909,99,99,,86.0,4.988868713378906
중,공립,서구,대전월평중학교,대전광역시 서구 월평동로 21(월평동. 월평중학교),본교,197,127.3678135,36.3565812,월평1동,내동2,2613.3628584658977,1.5km 초과,1646.7003721608878,197.0,7,0.0950303313610592,0.8810269254852849,0.65,0.5297,144,144,,131.0,1.7162498235702517
중,공립,서구,대전정림중학교,대전광역시 서구 괴곡길 70(괴곡동),본교,138,127.3609965,36.2935839,정림동,정림동1,1694.726156951183,1.5km 초과,6645.826169413221,138.0,4,0.4432285199794528,0.917971195992486,0.8,0.7166,40,40,,28.0,10.418105125427246
중,공립,서구,대전탄방중학교,대전광역시 서구 문정로 181(둔산동),본교,1217,127.3943685,36.350383,둔산1동,용문동4,1083.059033244508,1~1.5km,885.4763732541943,1217.0,5,0.0420096976939001,0.2423293675641828,0.75,0.4361,193,193,,178.0,1.8226354122161863
중,사립,서구,대전대신중학교,대전광역시 서구 오량1길 98. 대전대신중학교 (복수동. 대전대신중·고등학교),본교,438,127.3810682,36.3092541,복수동,도마·변동9,304.13622540537955,1km 이내,4574.321380809841,438.0,7,0.2989444502522077,0.7301189730745148,0.65,0.5607,113,113,,100.0,10.091483116149902
중,사립,서구,대전삼육중학교,대전광역시 서구 도림1길 15(도마동),본교,163,127.3727877,36.3115181,도마2동,도마·변동12,256.30496783049057,1km 이내,4439.071182449396,163.0,6,0.2895240283645909,0.902316844082655,0.7,0.6173,88,88,,75.0,6.080471515655518
중,사립,서구,동방여자중학교,대전광역시 서구 복수중로 27(복수동.동방여자중학교),본교,297,127.3744993,36.3063449,복수동,복수동2,445.32348665173583,1km 이내,4968.382087556483,297.0,7,0.3263914939673869,0.8184095178459612,0.65,0.5866,101,101,,88.0,4.124721527099609
중,공립,유성구,대덕중학교,대전광역시 유성구 대덕대로 515(가정동),본교,529,127.3771598,36.3791884,신성동,도룡동2,387.655657327728,1km 이내,3260.442697297672,529.0,2,0.2074304143552301,0.6731371321227302,0.9,0.6469,75,75,,62.0,9.204305648803713
중,공립,유성구,대전관평중학교,대전광역시 유성구 테크노4로 132. 대전 관평중학교 (관평동.관평중학교),본교,796,127.3876376,36.4245116,관평동,덕암동1,3887.8544108313695,1.5km 초과,8225.418322442683,796.0,3,0.5532499814803795,0.5059486537257358,0.85,0.6922,51,51,,38.0,1.5749648809432983
중,공립,유성구,대전노은중학교,대전광역시 유성구 노은동로 104(노은동. 노은중학교),본교,803,127.3243216,36.369988,노은1동,장대A,1355.7067960111406,1~1.5km,5819.768502077898,803.0,3,0.3856921035886938,0.5015654351909831,0.85,0.641,76,76,,63.0,2.551283359527588
중,공립,유성구,대전덕명중학교,대전광역시 유성구 학하중앙로 61. 대전덕명중학교 (덕명동. 대전덕명중학교),본교,494,127.3027397,36.3458099,학하동,장대A,3076.041219256814,1.5km 초과,7354.004580821873,494.0,0,0.492554432163274,0.6950532247964935,1.0,0.7868,22,22,,12.0,4.635598182678223
중,공립,유성구,대전동화중학교,대전광역시 유성구 관평2로 43(관평동),본교,660,127.3895368,36.4226468,관평동,신대주공,3842.467419944969,1.5km 초과,8026.476653542327,660.0,3,0.5393933330259841,0.5911083281152161,0.85,0.705,46,46,,33.0,1.5981181859970093
중,공립,유성구,대전두리중학교,대전광역시 유성구 와룡로 37(송강동),본교,468,127.3820834,36.428809,구즉동,덕암동1,4022.162041198942,1.5km 초과,8699.983157708084,468.0,3,0.5863042839170618,0.7113337507827175,0.85,0.7432,34,34,,23.0,7.353936195373535
중,공립,유성구,대전둔곡중학교,대전광역시 유성구 과학인재4길 10(둔곡동),본교,79,127.3646634,36.4534382,구즉동,덕암동1,5089.064042468478,1.5km 초과,11566.810431900603,79.0,0,0.785984008821023,0.954915466499687,1.0,0.9268,6,6,,2.0,9.12816047668457
중,공립,유성구,대전문지중학교,대전광역시 유성구 전민로 53(전민동.  문지중학교),본교,190,127.3990807,36.3968298,전민동,신대주공,2054.4785756734564,1.5km 초과,5313.552179022102,190.0,1,0.350433217558266,0.8854101440200376,0.95,0.7572,31,31,,20.0,7.723923683166504
중,공립,유성구,대전봉명중학교,대전광역시 유성구 계룡로132번길 71(봉명동. 대전봉명중학교),본교,642,127.3446292,36.349652,원신흥동,장대C,1153.0263559589227,1~1.5km,3578.482161594949,642.0,6,0.2295824405031503,0.6023794614902943,0.7,0.5394,136,136,,123.0,1.4070454835891724
중,공립,유성구,대전새미래중학교,대전광역시 유성구 지족동로 55(지족동),본교,406,127.3050716,36.3792504,노은3동,장대A,3276.9454450817216,1.5km 초과,7811.205344022152,406.0,3,0.5243992954529283,0.7501565435190983,0.85,0.7324,36,36,,25.0,8.4519624710083
중,공립,유성구,대전송강중학교,대전광역시 유성구 와룡로 122(송강동. 송강중학교),본교,292,127.3816676,36.4376479,구즉동,덕암동1,3665.8392519887975,1.5km 초과,9681.051699928908,292.0,3,0.6546374891945798,0.8215403882279273,0.85,0.7857,23,23,,13.0,6.3006367683410645
중,공립,유성구,대전어은중학교,대전광역시 유성구 농대로 56(어은동.대전어은중학교),본교,505,127.352819,36.3656666,온천2동,장대C,1656.035151392933,1.5km 초과,3308.5769851304844,505.0,5,0.2107830548995096,0.6881653099561678,0.75,0.5759,108,108,,95.0,5.482563018798828
중,공립,유성구,대전외삼중학교,대전광역시 유성구 반석동로 75(반석동. 외삼중학교),본교,827,127.3101903,36.3940423,노은3동,장대A,4302.568222951346,1.5km 초과,8238.110524017138,827.0,2,0.5541340163650855,0.4865372573575454,0.9,0.7135,41,41,,29.0,3.223445415496826
중,공립,유성구,대전원신흥중학교,대전광역시 유성구 동서대로735번길 20(원신흥동),본교,1010,127.3453455,36.3332893,원신흥동,도마동1,2507.281091345645,1.5km 초과,3993.4529428532633,1010.0,4,0.2584859088741846,0.371947401377583,0.8,0.5519,126,126,,113.0,6.099162578582764
중,공립,유성구,대전자운중학교,대전광역시 유성구 자운로97번길 356(신봉동. 자운중학교),본교,98,127.3382419,36.4118922,신성동,도룡동2,4714.861283052451,1.5km 초과,7983.598025730912,98.0,0,0.5364067587448202,0.9430181590482154,1.0,0.8495,15,15,,6.0,4.4649739265441895
중,공립,유성구,대전장대중학교,대전광역시 유성구 문화원로 26(장대동.대전장대중학교),본교,230,127.3387996,36.3605249,온천2동,장대C,323.9820312826534,1km 이내,4251.334745306835,230.0,4,0.2764478446473019,0.8603631809643081,0.8,0.655,69,69,,56.0,1.495113730430603
중,공립,유성구,대전전민중학교,대전광역시 유성구 엑스포로466번길 97(전민동.전민중학교),본교,638,127.4055557,36.4014675,전민동,신대주공,1460.3938831309836,1~1.5km,5971.056738601807,638.0,2,0.3962296039544277,0.6048841577958672,0.9,0.6898,52,52,,39.0,1.530672907829285
중,공립,유성구,대전지족중학교,대전광역시 유성구 노은동로 193(지족동),본교,520,127.3210215,36.3778461,노은2동,장대A,2260.591015397695,1.5km 초과,6457.436368950832,520.0,3,0.4301068283206354,0.6787726988102692,0.85,0.6898,52,52,,39.0,5.950159549713135
중,공립,유성구,대전체육중학교,대전광역시 유성구 원신흥로40번길 6(원신흥동. 대전체육중고등학교),본교,135,127.3423687,36.3362651,원신흥동,장대B,2447.7263962735724,1.5km 초과,4092.8813786555297,135.0,3,0.2654112799585726,0.9198497182216656,0.85,0.6886,54,54,,41.0,6.967126369476318
중,공립,유성구,대전하기중학교,대전광역시 유성구 송림로48번길 6-30. 대전하기중학교 (하기동. 대전하기중학교),본교,494,127.3223229,36.3858474,노은2동,장대A,3041.44248600992,1.5km 초과,6824.276695829237,494.0,4,0.4556579231543453,0.6950532247964935,0.8,0.6757,57,57,,44.0,3.582853317260742
중,공립,유성구,유성중학교,대전광역시 유성구 상대로 33(상대동. 유성중학교),본교,892,127.3347128,36.34583,상대동,장대B,1321.3870404419242,1~1.5km,4496.074209315867,892.0,4,0.2934943926854048,0.445835942391985,0.8,0.5772,106,106,,93.0,3.522066593170166
중,공립,유성구,진잠중학교,대전광역시 유성구 진잠로 60-23(원내동. 진잠중학교),본교,209,127.3184051,36.2969898,진잠동,정림동1,4616.091626470098,1.5km 초과,8384.065141192095,209.0,3,0.5643000204589901,0.873512836568566,0.85,0.769,28,28,,17.0,3.581969976425171
중,사립,유성구,성덕중학교,대전광역시 유성구 신성로 19(신성동. 성덕중학교),본교,257,127.3448873,36.3866583,신성동,도룡동2,2858.9157444729126,1.5km 초과,5366.808061043622,257.0,0,0.3541425864369928,0.8434564809016907,1.0,0.7749,27,27,,16.0,8.27760124206543
