학교명,학교급,구,동,학생수,lat,lon,_지표1_원,_지표2_원,_지표3_원,_지표4_원,_지표5_원,영향사업수,영향사업목록,지표1_임박도,지표2_학생유입,지표3_수용여석,지표4_외곽성,지표5_트램접근성,종합점수,순위,점수설명
대전변동초등학교,초,서구,변동,152,36.3250319,127.3857104,5.3,4391.1,152,63.86109643189911,943.0559653388202,16,도마·변동1(1_공사중); 도마·변동2(4_조합설립); 도마·변동3(2_관리처분); 도마·변동4(3_사업시행); 도마·변동5(3_사업시행); 도마·변동6(2_관리처분); 도마·변동6-1(4_조합설립); 도마·변동16(4_조합설립); 변동A(4_조합설립); 변동B(6_입안); 가장동1(6_입안); 태평동5(2_관리처분); 태평동6(9_미정); 태평동7(9_미정); 태평동8(9_미정); 삼부4(9_미정),1.0,1.0,0.09079524107701942,0.0,0.0,0.6313,1,임박도=0.333 | 학생유입=0.278 | 수용여석=0.020 | 외곽성=0.000
대전신평초등학교,초,중구,태평2동,314,36.3234302,127.3897213,4.65,3082.32,314,2544.1867081244345,761.6803952638063,12,도마·변동1(1_공사중); 도마·변동2(4_조합설립); 도마·변동3(2_관리처분); 도마·변동4(3_사업시행); 도마·변동5(3_사업시행); 도마·변동6(2_관리처분); 가장동1(6_입안); 태평동5(2_관리처분); 태평동6(9_미정); 태평동7(9_미정); 태평동8(9_미정); 삼부4(9_미정),0.8773584905660379,0.7019471203115393,0.19223544145272387,0.20365811342549608,0.0,0.5641,2,임박도=0.292 | 학생유입=0.195 | 수용여석=0.043 | 외곽성=0.034
대전내동초등학교,초,서구,내동,705,36.3311179,127.3792468,3.25,3511.9800000000005,705,852.7229434564769,1741.9379855160137,10,도마·변동1(1_공사중); 도마·변동2(4_조합설립); 도마·변동3(2_관리처분); 도마·변동4(3_사업시행); 변동A(4_조합설립); 내동1(5_초기); 내동2(4_조합설립); 변동B(6_입안); 가장동1(6_입안); 도마동1(6_입안),0.6132075471698113,0.7997950399672065,0.4370695053224796,0.06477299382025378,0.0,0.5345,3,임박도=0.204 | 학생유입=0.222 | 수용여석=0.097 | 외곽성=0.011
대전유천초등학교,초,서구,도마2동,485,36.3141096,127.3754395,4.7,2281.5,485,1481.7762500987892,1029.9859023811923,9,도마·변동5(3_사업시행); 도마·변동6(2_관리처분); 도마·변동6-1(4_조합설립); 도마·변동9(1_공사중); 도마·변동12(3_사업시행); 도마·변동13(3_사업시행); 도마·변동16(4_조합설립); 복수동2(2_관리처분); 정림동1(5_초기),0.8867924528301887,0.5195736831317893,0.29931120851596743,0.1164242000453195,0.0,0.5258,4,임박도=0.296 | 학생유입=0.144 | 수용여석=0.067 | 외곽성=0.019
대전버드내중학교,중,서구,도마1동,771,36.3167368,127.3832698,5.05,1267.2,771,929.6246738835102,291.43744898200356,11,산성동2(3_사업시행); 도마·변동4(3_사업시행); 도마·변동5(3_사업시행); 도마·변동6(2_관리처분); 도마·변동6-1(4_조합설립); 도마·변동9(1_공사중); 도마·변동12(3_사업시행); 도마·변동16(4_조합설립); 복수동2(2_관리처분); 산성동3(6_입안); 삼부4(9_미정),0.9528301886792453,0.28858372617339617,0.47839699436443334,0.07108735079987567,0.41712510203599285,0.5159,5,임박도=0.318 | 학생유입=0.080 | 수용여석=0.106 | 외곽성=0.012
대전삼성초등학교,초,동구,삼성동,126,36.3371425,127.4289027,4.8500000000000005,2245.14,126,1908.2060311434668,746.1526256342112,10,중앙1(2_관리처분); 대전역복합2(3_사업시행); 대전역삼성4(2_관리처분); 삼성1(3_사업시행); 삼성3(5_초기); 삼성6(4_조합설립); 선화2(2_관리처분); 은행1(3_사업시행); 홍도동3(6_입안); 삼성동1(3_사업시행),0.9150943396226416,0.5112932978069276,0.07451471509079524,0.1514381047950044,0.0,0.4888,6,임박도=0.305 | 학생유입=0.142 | 수용여석=0.017 | 외곽성=0.025
대전가양초등학교,초,동구,가양1동,386,36.3421995,127.4405406,4.25,2197.62,386,1165.4800209691605,498.8977470444097,9,성남동1(1_공사중); 성남동3(4_조합설립); 중앙1(2_관리처분); 대전역복합2(3_사업시행); 대전역삼성4(2_관리처분); 가양동1(4_조합설립); 자양동2(4_조합설립); 가양동3(6_입안); 가양동5(3_사업시행),0.8018867924528302,0.5004714080754252,0.23731997495303694,0.0904532980780645,0.0022045059111805987,0.4741,7,임박도=0.267 | 학생유입=0.139 | 수용여석=0.053 | 외곽성=0.015
대전성남초등학교,초,동구,성남동,309,36.3439503,127.4295994,4.15,2075.22,309,2082.6026774780244,957.3151949387183,10,성남동1(1_공사중); 성남동3(4_조합설립); 대전역삼성4(2_관리처분); 삼성3(5_초기); 삼성6(4_조합설립); 삼성7(5_초기); 홍도동3(6_입안); 가양동5(3_사업시행); 삼성동1(3_사업시행); 홍도동2(3_사업시행),0.7830188679245284,0.4725968436154949,0.18910457107075768,0.16575771340316334,0.0,0.4619,8,임박도=0.261 | 학생유입=0.131 | 수용여석=0.042 | 외곽성=0.028
대전변동중학교,중,서구,변동,284,36.3244764,127.3759137,4.7,1710.8000000000002,284,817.6225250445171,1294.823871804773,12,도마·변동1(1_공사중); 도마·변동2(4_조합설립); 도마·변동3(2_관리처분); 도마·변동4(3_사업시행); 도마·변동5(3_사업시행); 도마·변동6(2_관리처분); 도마·변동6-1(4_조합설립); 도마·변동16(4_조합설립); 변동A(4_조합설립); 내동1(5_초기); 변동B(6_입안); 도마동1(6_입안),0.8867924528301887,0.3896062490036665,0.17345021916092673,0.061890918595724195,0.0,0.4527,9,임박도=0.296 | 학생유입=0.108 | 수용여석=0.039 | 외곽성=0.010
대전문화초등학교,초,중구,문화2동,200,36.3113812,127.3969643,3.3,2541.96,200,2418.146496945816,730.453122680879,12,문화동5(9_미정); 문화동7(9_미정); 문화동8(1_공사중); 문화2(1_공사중); 산성동1(4_조합설립); 산성동2(3_사업시행); 유천동1(5_초기); 유천동3(4_조합설립); 산성동3(6_입안); 유천동2(6_입안); 문화동10(6_입안); 유천동2(중복)(6_입안),0.6226415094339622,0.5788891166222586,0.1208515967438948,0.19330902397394123,0.0,0.4274,10,임박도=0.208 | 학생유입=0.161 | 수용여석=0.027 | 외곽성=0.032
대전가장초등학교,초,서구,가장동,493,36.3305000,127.3887528,3.0500000000000003,2491.56,493,696.8721636845928,1515.0658840883336,10,도마·변동1(1_공사중); 도마·변동2(4_조합설립); 도마·변동3(2_관리처분); 변동A(4_조합설립); 가장동1(6_입안); 태평동5(2_관리처분); 태평동6(9_미정); 태평동7(9_미정); 태평동8(9_미정); 삼부4(9_미정),0.5754716981132076,0.5674113547858167,0.30432060112711334,0.051976175678874637,0.0,0.4257,11,임박도=0.192 | 학생유입=0.158 | 수용여석=0.068 | 외곽성=0.009
대전동서초등학교,초,동구,삼성동,152,36.3410683,127.4225243,3.65,2133.9,152,2555.931958376296,1395.15467250807,10,삼성1(3_사업시행); 삼성3(5_초기); 삼성5(4_조합설립); 삼성6(4_조합설립); 삼성7(5_초기); 선화2(2_관리처분); 은행1(3_사업시행); 홍도동3(6_입안); 삼성동1(3_사업시행); 홍도동2(3_사업시행),0.6886792452830188,0.485960237753638,0.09079524107701942,0.20462250918737837,0.0,0.4188,12,임박도=0.230 | 학생유입=0.135 | 수용여석=0.020 | 외곽성=0.034
대전버드내초등학교,초,중구,태평2동,630,36.3194287,127.3915009,2.5,2201.58,630,2457.516875479947,312.43380503586087,12,산성동2(3_사업시행); 유천동1(5_초기); 유천동3(4_조합설립); 도마·변동2(4_조합설립); 도마·변동5(3_사업시행); 도마·변동6(2_관리처분); 유천동2(6_입안); 유천동2(중복)(6_입안); 태평동6(9_미정); 태평동7(9_미정); 태평동8(9_미정); 삼부4(9_미정),0.4716981132075472,0.5013732322197171,0.39010644959298685,0.19654170317513583,0.37513238992827824,0.4159,13,임박도=0.157 | 학생유입=0.139 | 수용여석=0.087 | 외곽성=0.033
한밭중학교,중,동구,삼성동,74,36.3351481,127.4264779,5.0,981.52,74,2111.0512447222895,741.9679225986098,10,중앙1(2_관리처분); 대전역복합2(3_사업시행); 대전역삼성4(2_관리처분); 삼성1(3_사업시행); 삼성3(5_초기); 삼성6(4_조합설립); 선화1-A(5_초기); 선화2(2_관리처분); 은행1(3_사업시행); 삼성동1(3_사업시행),0.9433962264150944,0.22352485709731046,0.041953663118346904,0.16809360894337502,0.0,0.4139,14,임박도=0.314 | 학생유입=0.062 | 수용여석=0.009 | 외곽성=0.028
대전선화초등학교,초,중구,은행선화동,701,36.3326733,127.4234663,2.9,1651.8600000000001,701,982.4048942324765,900.5613569793775,7,삼성1(3_사업시행); 삼성3(5_초기); 삼성6(4_조합설립); 선화1-A(5_초기); 선화2(2_관리처분); 은행1(3_사업시행); 삼성동1(3_사업시행),0.5471698113207547,0.37618364418938305,0.4345648090169067,0.07542110442148886,0.0,0.396,15,임박도=0.182 | 학생유입=0.105 | 수용여석=0.097 | 외곽성=0.013
대전흥룡초등학교,초,동구,가양2동,288,36.3451544,127.4480505,3.25,2171.88,288,1139.841459264404,175.10498872722627,9,성남동1(1_공사중); 성남동3(4_조합설립); 가양동1(4_조합설립); 자양동2(4_조합설립); 가양동3(6_입안); 가양동8(6_입안); 비래동1(6_입안); 가양동5(3_사업시행); 가양동7(1_공사중),0.6132075471698113,0.4946095511375282,0.1759549154664997,0.08834813048106872,0.6497900225455475,0.3956,16,임박도=0.204 | 학생유입=0.137 | 수용여석=0.039 | 외곽성=0.015
대전복수초등학교,초,서구,복수동,702,36.3082137,127.3768451,3.0,1161.54,702,2000.6801844478116,620.7679254220541,5,도마·변동9(1_공사중); 도마·변동12(3_사업시행); 도마·변동13(3_사업시행); 복수동2(2_관리처분); 정림동1(5_초기),0.5660377358490566,0.2645214183234269,0.43519098309329995,0.15903110448577146,0.0,0.3854,17,임박도=0.189 | 학생유입=0.073 | 수용여석=0.097 | 외곽성=0.027
대전삼육초등학교,초,서구,도마2동,511,36.3115181,127.3727877,3.2,1361.34,511,1854.184716313095,701.0170679481339,6,도마·변동6-1(4_조합설립); 도마·변동9(1_공사중); 도마·변동12(3_사업시행); 도마·변동13(3_사업시행); 복수동2(2_관리처분); 정림동1(5_초기),0.6037735849056605,0.31002254560360726,0.31559173450219163,0.14700244561733267,0.0,0.382,18,임박도=0.201 | 학생유입=0.086 | 수용여석=0.070 | 외곽성=0.025
대전천동초등학교,초,동구,효동,951,36.3161208,127.4451593,1.85,1531.0799999999997,951,2138.6918368931388,924.6999845614455,6,판암6(5_초기); 신흥동5(5_초기); 문창동2(4_조합설립); 문창석교1(5_초기); 석교동(6_입안); 가오동2(1_공사중),0.34905660377358494,0.3486780077884811,0.5911083281152161,0.17036316211370953,0.0,0.3729,19,임박도=0.116 | 학생유입=0.097 | 수용여석=0.131 | 외곽성=0.028
대전글꽃중학교,중,중구,문화1동,890,36.3186225,127.4086577,2.95,444.8800000000001,890,1097.0881511368902,341.3875532277379,11,대사동3(9_미정); 문화동5(9_미정); 문화동7(9_미정); 문화동8(1_공사중); 문화2(1_공사중); 오류동1(3_사업시행); 유천동1(5_초기); 문화동2(9_미정); 문화동6(5_초기); 태평동3(6_입안); 오류동삼성(9_미정),0.5566037735849058,0.1013140215435768,0.5529117094552286,0.08483768087118593,0.3172248935445242,0.3507,20,임박도=0.186 | 학생유입=0.028 | 수용여석=0.123 | 외곽성=0.014
대전오류초등학교,초,중구,오류동,249,36.3249660,127.4047562,3.15,1573.1999999999998,249,1188.7225755807146,503.0205736222874,11,용두동3(4_조합설립); 문화2(1_공사중); 태평동2(4_조합설립); 오류동1(3_사업시행); 유천동1(5_초기); 문화동2(9_미정); 문화동6(5_초기); 태평동3(6_입안); 태평동5(2_관리처분); 태평동6(9_미정); 오류동삼성(9_미정),0.5943396226415094,0.3582701373232219,0.15153412648716344,0.0923617309068285,0.0,0.3467,21,임박도=0.198 | 학생유입=0.100 | 수용여석=0.034 | 외곽성=0.015
대전중앙초등학교,초,중구,은행선화동,1082,36.3307172,127.4141355,1.7000000000000002,1207.62,1082,722.8138502525175,967.6736795583529,5,용두동3(4_조합설립); 선화1-A(5_초기); 선화2(2_관리처분); 은행1(3_사업시행); 오류동삼성(9_미정),0.3207547169811321,0.27501537200245946,0.6731371321227301,0.05410623268453281,0.0,0.3419,22,임박도=0.107 | 학생유입=0.076 | 수용여석=0.150 | 외곽성=0.009
대전신흥초등학교,초,동구,신인동,1026,36.3256406,127.4399239,1.6,1244.52,1026,1376.799768264932,445.18428927743435,5,대동4·8(3_사업시행); 대전역복합2(3_사업시행); 신안1(5_초기); 신흥동5(5_초기); 문창동2(4_조합설립),0.30188679245283023,0.2834187333469973,0.6380713838447089,0.10780464132950222,0.10963142144513127,0.3391,23,임박도=0.101 | 학생유입=0.079 | 수용여석=0.142 | 외곽성=0.018
충남여자중학교,중,중구,목동,1006,36.3301968,127.4109427,2.5,424.0,1006,856.4416470099,1023.4656284501643,6,용두동3(4_조합설립); 용두동2(2_관리처분); 태평동2(4_조합설립); 선화2(2_관리처분); 오류동1(3_사업시행); 오류동삼성(9_미정),0.4716981132075472,0.09655894878276514,0.6255479023168441,0.06507833443622317,0.0,0.3339,24,임박도=0.157 | 학생유입=0.027 | 수용여석=0.139 | 외곽성=0.011
대전글꽃초등학교,초,중구,문화1동,770,36.3186639,127.4097377,2.45,944.8199999999999,770,1021.7344097673641,391.48743096775377,10,대사동3(9_미정); 문화동5(9_미정); 문화동7(9_미정); 문화동8(1_공사중); 문화2(1_공사중); 유천동1(5_초기); 문화동2(9_미정); 문화동6(5_초기); 태평동3(6_입안); 오류동삼성(9_미정),0.4622641509433963,0.21516704242672677,0.4777708202880401,0.07865042838525191,0.21702513806449242,0.3331,25,임박도=0.154 | 학생유입=0.060 | 수용여석=0.106 | 외곽성=0.013
대전보성초등학교,초,중구,문화2동,190,36.3066382,127.3964886,2.1,2128.14,190,2806.5931046010364,1228.354483615427,8,문화동8(1_공사중); 산성동1(4_조합설립); 산성동2(3_사업시행); 유천동3(4_조합설립); 산성동3(6_입안); 유천동2(6_입안); 문화동10(6_입안); 유천동2(중복)(6_입안),0.39622641509433965,0.4846484935437589,0.11458985597996243,0.22520415214125164,0.0,0.3297,26,임박도=0.132 | 학생유입=0.135 | 수용여석=0.025 | 외곽성=0.038
보문중학교,중,동구,삼성동,248,36.3365961,127.4239609,3.3000000000000003,895.2,248,2343.55026973292,1018.9896378632077,9,삼성1(3_사업시행); 삼성3(5_초기); 삼성5(4_조합설립); 삼성6(4_조합설립); 삼성7(5_초기); 선화1-A(5_초기); 선화2(2_관리처분); 은행1(3_사업시행); 삼성동1(3_사업시행),0.6226415094339623,0.20386691261870601,0.1509079524107702,0.18718397054094812,0.0,0.3289,27,임박도=0.208 | 학생유입=0.057 | 수용여석=0.034 | 외곽성=0.031
대전원평초등학교,초,중구,유천2동,257,36.3216702,127.3999032,2.95,1214.82,257,1665.800673009372,484.2595797793969,15,문화동5(9_미정); 문화동7(9_미정); 문화2(1_공사중); 태평동2(4_조합설립); 오류동1(3_사업시행); 유천동1(5_초기); 문화동2(9_미정); 문화동6(5_초기); 태평동3(6_입안); 태평동5(2_관리처분); 태평동6(9_미정); 태평동7(9_미정); 태평동8(9_미정); 삼부4(9_미정); 오류동삼성(9_미정),0.5566037735849058,0.2766550522648083,0.15654351909830932,0.13153433986628055,0.03148084044120614,0.3191,28,임박도=0.186 | 학생유입=0.077 | 수용여석=0.035 | 외곽성=0.022
대전동문초등학교,초,중구,문화1동,186,36.3140992,127.4070326,2.55,1583.28,186,1559.2138953430485,170.0543287965746,10,문화동5(9_미정); 문화동7(9_미정); 문화동8(1_공사중); 문화2(1_공사중); 유천동1(5_초기); 유천동2(6_입안); 문화동10(6_입안); 유천동2(중복)(6_입안); 문화동2(9_미정); 문화동6(5_초기),0.4811320754716981,0.36056568969051034,0.11208515967438948,0.12278256068321855,0.6598913424068509,0.3059,29,임박도=0.160 | 학생유입=0.100 | 수용여석=0.025 | 외곽성=0.020
대전도마초등학교,초,서구,도마1동,451,36.3242933,127.3719168,1.4000000000000001,2156.04,451,1176.9209319172016,1566.012797875816,7,도마·변동4(3_사업시행); 도마·변동6-1(4_조합설립); 도마·변동16(4_조합설립); 변동A(4_조합설립); 내동1(5_초기); 변동B(6_입안); 도마동1(6_입안),0.26415094339622647,0.4910022545603607,0.27802128991859737,0.09139270471425902,0.0,0.3015,30,임박도=0.088 | 학생유입=0.136 | 수용여석=0.062 | 외곽성=0.015
동대전초등학교,초,동구,가양2동,401,36.3519283,127.4492505,1.8,1706.0399999999997,401,1878.9084649038907,302.26982481728146,8,가양동3(6_입안); 가양동8(6_입안); 송촌동1(6_입안); 비래동1(6_입안); 비래동2(6_입안); 비래동3(6_입안); 가양동5(3_사업시행); 가양동7(1_공사중),0.339622641509434,0.388522238163558,0.2467125860989355,0.14903249843421737,0.39546035036543703,0.3008,31,임박도=0.113 | 학생유입=0.108 | 수용여석=0.055 | 외곽성=0.025
대전대문초등학교,초,중구,문화2동,156,36.3068833,127.4004173,2.05,1838.88,156,2555.2527977024365,1163.8834137552446,9,문화동5(9_미정); 문화동7(9_미정); 문화동8(1_공사중); 산성동1(4_조합설립); 산성동2(3_사업시행); 유천동3(4_조합설립); 유천동2(6_입안); 문화동10(6_입안); 유천동2(중복)(6_입안),0.38679245283018865,0.4187743390038942,0.09329993738259236,0.2045667436939694,0.0,0.3001,32,임박도=0.129 | 학생유입=0.116 | 수용여석=0.021 | 외곽성=0.034
대전문성초등학교,초,중구,산성동,108,36.3088516,127.3904473,2.05,1773.0,108,3053.770514620892,924.6706601385464,7,산성동1(4_조합설립); 산성동2(3_사업시행); 유천동3(4_조합설립); 도마·변동9(1_공사중); 산성동3(6_입안); 유천동2(6_입안); 유천동2(중복)(6_입안),0.38679245283018865,0.4037712646034023,0.06324358171571696,0.24549974751338227,0.0,0.2961,33,임박도=0.129 | 학생유입=0.112 | 수용여석=0.014 | 외곽성=0.041
대전옥계초등학교,초,중구,석교동,109,36.3009946,127.4483618,2.05,1607.3999999999999,109,3810.3448982835807,2188.764915128801,7,옥계동2(4_조합설립); 호동(4_조합설립); 옥계동3(6_입안); 옥계동4(6_입안); 석교동(6_입안); 가오동1(3_사업시행); 가오동2(1_공사중),0.38679245283018865,0.36605861856937894,0.06386975579211021,0.307621636234943,0.0,0.2961,33,임박도=0.129 | 학생유입=0.102 | 수용여석=0.014 | 외곽성=0.051
대전대신중학교,중,서구,복수동,438,36.3092541,127.3810682,2.85,525.8399999999999,438,1781.8496050411163,945.6332336797071,5,산성동2(3_사업시행); 도마·변동9(1_공사중); 도마·변동12(3_사업시행); 복수동2(2_관리처분); 산성동3(6_입안),0.5377358490566038,0.1197513151602104,0.26988102692548527,0.14106305111742187,0.0,0.296,35,임박도=0.179 | 학생유입=0.033 | 수용여석=0.060 | 외곽성=0.024
대전대흥초등학교,초,중구,대흥동,388,36.3198058,127.4258441,2.6,1071.72,388,909.7654358195147,762.5230764488925,8,대사동1(3_사업시행); 대사동3(9_미정); 대사동4(9_미정); 대흥동1(4_조합설립); 대흥2(1_공사중); 부사동4(3_사업시행); 선화1-A(5_초기); 문창동2(4_조합설립),0.4905660377358491,0.2440664070506251,0.2385723231058234,0.06945672015238531,0.0,0.2959,36,임박도=0.164 | 학생유입=0.068 | 수용여석=0.053 | 외곽성=0.012
대전자양초등학교,초,동구,자양동,81,36.3335584,127.4428747,3.0,1372.5,81,659.1548711740861,704.4783715149309,6,대동4·8(3_사업시행); 중앙1(2_관리처분); 대전역복합2(3_사업시행); 대전역삼성4(2_관리처분); 신안1(5_초기); 가양동1(4_조합설립),0.5660377358490566,0.31256405001024795,0.046336881653099564,0.048879230422979106,0.0,0.2939,37,임박도=0.189 | 학생유입=0.087 | 수용여석=0.010 | 외곽성=0.008
동방여자중학교,중,서구,복수동,297,36.3063449,127.3744993,3.0,516.24,297,2273.8217189831425,342.190693212612,5,도마·변동9(1_공사중); 도마·변동12(3_사업시행); 도마·변동13(3_사업시행); 복수동2(2_관리처분); 정림동1(5_초기),0.5660377358490566,0.11756507481041197,0.18159048215403883,0.1814585992305647,0.31561861357477594,0.2919,38,임박도=0.189 | 학생유입=0.033 | 수용여석=0.040 | 외곽성=0.030
대전은어송초등학교,초,동구,산내동,836,36.3024663,127.4568136,1.0,977.04,836,3660.1188267600023,2572.078163069362,5,옥계동2(4_조합설립); 호동(4_조합설립); 옥계동3(6_입안); 옥계동4(6_입안); 가오동1(3_사업시행),0.18867924528301888,0.22250461160073784,0.5190983093299938,0.2952866596618719,0.0,0.2893,39,임박도=0.063 | 학생유입=0.062 | 수용여석=0.115 | 외곽성=0.049
대전동산중학교,중,중구,문화1동,267,36.3153785,127.4051186,2.8,886.88,267,1573.4997114374169,244.69828547840203,13,문화동5(9_미정); 문화동7(9_미정); 문화동8(1_공사중); 문화2(1_공사중); 유천동1(5_초기); 유천동3(4_조합설립); 유천동2(6_입안); 문화동10(6_입안); 유천동2(중복)(6_입안); 문화동2(9_미정); 문화동6(5_초기); 태평동3(6_입안); 오류동삼성(9_미정),0.5283018867924528,0.201972170982214,0.1628052598622417,0.12395556084932871,0.510603429043196,0.289,40,임박도=0.176 | 학생유입=0.056 | 수용여석=0.036 | 외곽성=0.021
대전대성여자중학교,중,동구,가양1동,184,36.3368783,127.4416481,3.2,838.48,184,777.9488306240365,389.42315249888236,7,대동4·8(3_사업시행); 성남동3(4_조합설립); 중앙1(2_관리처분); 대전역복합2(3_사업시행); 대전역삼성4(2_관리처분); 신안1(5_초기); 가양동1(4_조합설립),0.6037735849056605,0.19094987588531345,0.110832811521603,0.05863333430106333,0.22115369500223525,0.2887,41,임박도=0.201 | 학생유입=0.053 | 수용여석=0.025 | 외곽성=0.010
대전현암초등학교,초,동구,삼성동,113,36.3418691,127.4203907,2.35,1393.02,113,2764.249517202059,1601.9816648784808,8,삼성1(3_사업시행); 삼성3(5_초기); 삼성5(4_조합설립); 삼성6(4_조합설립); 삼성7(5_초기); 홍도동3(6_입안); 삼성동1(3_사업시행); 홍도동2(3_사업시행),0.44339622641509435,0.3172371387579422,0.06637445209768315,0.2217273444654003,0.0,0.2876,42,임박도=0.148 | 학생유입=0.088 | 수용여석=0.015 | 외곽성=0.037
대전유평초등학교,초,중구,태평1동,215,36.3300035,127.3974668,2.4,1286.46,215,1924.6819046577498,1285.0513829485838,9,용두동2(2_관리처분); 태평동2(4_조합설립); 오류동1(3_사업시행); 가장동1(6_입안); 태평동3(6_입안); 태평동5(2_관리처분); 태평동6(9_미정); 태평동7(9_미정); 태평동8(9_미정),0.4528301886792453,0.29296987087517934,0.13024420788979335,0.15279092931979182,0.0,0.2867,43,임박도=0.151 | 학생유입=0.081 | 수용여석=0.029 | 외곽성=0.025
대전삼육중학교,중,서구,도마2동,163,36.3115181,127.3727877,3.2,605.04,163,1854.184716313095,701.0170679481339,6,도마·변동6-1(4_조합설립); 도마·변동9(1_공사중); 도마·변동12(3_사업시행); 도마·변동13(3_사업시행); 복수동2(2_관리처분); 정림동1(5_초기),0.6037735849056605,0.13778779804604765,0.09768315591734503,0.14700244561733267,0.0,0.2857,44,임박도=0.201 | 학생유입=0.038 | 수용여석=0.022 | 외곽성=0.025
대전태평중학교,중,중구,태평1동,532,36.3294894,127.3973928,2.4,571.76,532,1915.4381235599558,1242.5780785512193,10,용두동2(2_관리처분); 태평동2(4_조합설립); 오류동1(3_사업시행); 가장동1(6_입안); 태평동3(6_입안); 태평동5(2_관리처분); 태평동6(9_미정); 태평동7(9_미정); 태평동8(9_미정); 삼부4(9_미정),0.4528301886792453,0.1302088315000797,0.3287413901064496,0.15203192775547286,0.0,0.2855,45,임박도=0.151 | 학생유입=0.036 | 수용여석=0.073 | 외곽성=0.025
대전태평초등학교,초,중구,태평2동,415,36.3229254,127.3950265,1.9500000000000002,1182.96,415,2074.847365039479,603.3369114185074,10,태평동2(4_조합설립); 오류동1(3_사업시행); 유천동1(5_초기); 도마·변동2(4_조합설립); 태평동3(6_입안); 태평동5(2_관리처분); 태평동6(9_미정); 태평동7(9_미정); 태평동8(9_미정); 삼부4(9_미정),0.3679245283018868,0.2693994671039147,0.25547902316844084,0.1651209291467682,0.0,0.2818,46,임박도=0.123 | 학생유입=0.075 | 수용여석=0.057 | 외곽성=0.028
대전목양초등학교,초,중구,목동,602,36.3367275,127.4048004,1.85,920.1599999999999,602,1759.4214270623331,1802.9864936656027,4,용두동2(2_관리처분); 용문동4(6_입안); 중촌시영(9_미정); 용문동1·2·3(1_공사중),0.34905660377358494,0.20955113752818194,0.3725735754539762,0.13922148628690217,0.0,0.2805,47,임박도=0.116 | 학생유입=0.058 | 수용여석=0.083 | 외곽성=0.023
대전석교초등학교,초,중구,석교동,163,36.3086634,127.4462254,2.0,1425.24,163,3114.977859605951,1405.7675561575143,6,호동(4_조합설립); 문창석교1(5_초기); 옥계동3(6_입안); 석교동(6_입안); 가오동1(3_사업시행); 가오동2(1_공사중),0.37735849056603776,0.32457470793195325,0.09768315591734503,0.2505254475056242,0.0,0.2794,48,임박도=0.126 | 학생유입=0.090 | 수용여석=0.022 | 외곽성=0.042
대전여자중학교,중,중구,대흥동,469,36.3248732,127.4263304,2.7,548.64,469,747.8397873498658,820.8557616091483,5,대흥동1(4_조합설립); 대흥2(1_공사중); 선화1-A(5_초기); 선화2(2_관리처분); 은행1(3_사업시행),0.5094339622641509,0.12494363599098174,0.28929242329367566,0.05616109802637523,0.0,0.2781,49,임박도=0.170 | 학생유입=0.035 | 수용여석=0.064 | 외곽성=0.009
대전보운초등학교,초,중구,부사동,115,36.3143908,127.4318082,2.6,1183.6799999999998,115,1709.1127388761818,448.3642676016191,8,대사동1(3_사업시행); 대사동4(9_미정); 대흥동1(4_조합설립); 대흥2(1_공사중); 부사동4(3_사업시행); 부사동5(9_미정); 문창동2(4_조합설립); 문창석교1(5_초기),0.4905660377358491,0.2695634351301496,0.06762680025046963,0.13509066875367048,0.10327146479676186,0.2759,50,임박도=0.164 | 학생유입=0.075 | 수용여석=0.015 | 외곽성=0.023
대전문창초등학교,초,중구,부사동,117,36.3173655,127.4338246,2.6,1183.6799999999998,117,1653.7012777480957,106.55940140488546,7,대사동1(3_사업시행); 대흥동1(4_조합설립); 대흥2(1_공사중); 부사동4(3_사업시행); 부사동5(9_미정); 문창동2(4_조합설립); 문창석교1(5_초기),0.4905660377358491,0.2695634351301496,0.06887914840325611,0.1305408654607893,0.7868811971902291,0.2755,51,임박도=0.164 | 학생유입=0.075 | 수용여석=0.015 | 외곽성=0.022
대전도마중학교,중,서구,도마2동,174,36.3188315,127.3718715,2.5,1220.1599999999999,174,1362.648466905214,1337.95441983708,8,도마·변동4(3_사업시행); 도마·변동5(3_사업시행); 도마·변동6-1(4_조합설립); 도마·변동12(3_사업시행); 도마·변동13(3_사업시행); 도마·변동16(4_조합설립); 변동B(6_입안); 도마동1(6_입안),0.4716981132075472,0.2778711484593837,0.10457107075767064,0.10664268609110546,0.0,0.2754,52,임박도=0.157 | 학생유입=0.077 | 수용여석=0.023 | 외곽성=0.018
대전탄방초등학교용문분교장,초,서구,용문동,493,36.3409359,127.3975163,1.85,920.1599999999999,493,2094.352104716608,1514.7206525171098,3,용두동2(2_관리처분); 용문동4(6_입안); 용문동1·2·3(1_공사중),0.34905660377358494,0.20955113752818194,0.30432060112711334,0.16672245213502979,0.0,0.27,53,임박도=0.116 | 학생유입=0.058 | 수용여석=0.068 | 외곽성=0.028
한밭초등학교,초,서구,둔산1동,1604,36.3545007,127.3941584,0.0,0.0,1604,3373.88268562866,174.18770338443207,0,,0.0,0.0,1.0,0.27178397427967965,0.6516245932311359,0.2675,54,임박도=0.000 | 학생유입=0.000 | 수용여석=0.222 | 외곽성=0.045
우송중학교,중,동구,자양동,189,36.3348585,127.4433667,3.0,610.0,189,595.5124226858787,638.1871263149164,6,대동4·8(3_사업시행); 중앙1(2_관리처분); 대전역복합2(3_사업시행); 대전역삼성4(2_관리처분); 신안1(5_초기); 가양동1(4_조합설립),0.5660377358490566,0.1389173555601102,0.11396368190356919,0.04365358547870784,0.0,0.2599,55,임박도=0.189 | 학생유입=0.039 | 수용여석=0.025 | 외곽성=0.007
대전가오중학교,중,동구,효동,531,36.3085690,127.4570942,1.95,283.03999999999996,531,3000.0998670925383,2217.029582669454,5,판암2(5_초기); 호동(4_조합설립); 옥계동4(6_입안); 가오동1(3_사업시행); 가오동2(1_공사중),0.3679245283018868,0.06445765297989113,0.32811521603005633,0.2410928814267597,0.0,0.2536,56,임박도=0.123 | 학생유입=0.018 | 수용여석=0.073 | 외곽성=0.040
대전성모초등학교,초,중구,대흥동,658,36.3224600,127.4193093,1.6,851.9399999999999,658,305.26640213288545,231.67413223555155,6,용두동3(4_조합설립); 대사동3(9_미정); 대사동4(9_미정); 대흥동1(4_조합설립); 대흥2(1_공사중); 선화1-A(5_초기),0.30188679245283023,0.1940151670424267,0.4076393237319975,0.019821651197005213,0.5366517355288969,0.2484,57,임박도=0.101 | 학생유입=0.054 | 수용여석=0.091 | 외곽성=0.003
대전가양중학교,중,동구,가양2동,391,36.3508171,127.4486567,1.95,738.9599999999999,391,1758.5848834182477,170.28645533687964,8,자양동2(4_조합설립); 가양동3(6_입안); 가양동8(6_입안); 송촌동1(6_입안); 비래동1(6_입안); 비래동3(6_입안); 가양동5(3_사업시행); 가양동7(1_공사중),0.3679245283018868,0.1682858509257361,0.24045084533500313,0.13915279816807238,0.6594270893262407,0.246,58,임박도=0.123 | 학생유입=0.047 | 수용여석=0.053 | 외곽성=0.023
대전용산초등학교,초,유성구,관평동,1126,36.4201335,127.3950763,0.0,0.0,1126,6621.161804214207,3165.6551715969513,0,,0.0,0.0,0.7006887914840325,0.5384162002824003,0.0,0.2454,59,임박도=0.000 | 학생유입=0.000 | 수용여석=0.156 | 외곽성=0.090
대전중학교,중,중구,대흥동,299,36.3209574,127.4254236,2.6,476.32000000000005,299,803.1620929393865,775.0736451710919,8,대사동1(3_사업시행); 대사동3(9_미정); 대사동4(9_미정); 대흥동1(4_조합설립); 대흥2(1_공사중); 부사동4(3_사업시행); 선화1-A(5_초기); 문창동2(4_조합설립),0.4905660377358491,0.10847395868916673,0.1828428303068253,0.06070358080911852,0.0,0.2444,60,임박도=0.164 | 학생유입=0.030 | 수용여석=0.041 | 외곽성=0.010
대전새여울초등학교,초,대덕구,석봉동,881,36.4517219,127.4224192,0.25,338.03999999999996,881,6295.474131547675,5284.996797658199,2,덕암동1(5_초기); 신탄진동1(6_입안),0.04716981132075472,0.07698298831727812,0.5472761427676894,0.5116741722726404,0.0,0.244,61,임박도=0.016 | 학생유입=0.021 | 수용여석=0.122 | 외곽성=0.085
대전봉산중학교,중,서구,변동,137,36.3304754,127.3735491,2.2,1010.2399999999999,137,1193.7927191876652,1933.2397482042759,7,도마·변동1(1_공사중); 도마·변동4(3_사업시행); 변동A(4_조합설립); 내동1(5_초기); 내동2(4_조합설립); 변동B(6_입안); 도마동1(6_입안),0.4150943396226416,0.23006535947712414,0.08140262993112085,0.09277803749049647,0.0,0.2358,62,임박도=0.138 | 학생유입=0.064 | 수용여석=0.018 | 외곽성=0.015
대전대화초등학교,초,대덕구,대화동,109,36.3625262,127.4112898,1.7000000000000002,986.22,109,3685.8011782508993,495.17078312088114,5,대화동1(2_관리처분); 대화동2(3_사업시행); 대화동3(5_초기); 대화동4(4_조합설립); 소라(9_미정),0.3207547169811321,0.2245952039352326,0.06386975579211021,0.2973954228130928,0.009658433758237717,0.2331,63,임박도=0.107 | 학생유입=0.062 | 수용여석=0.014 | 외곽성=0.050
대전가오초등학교,초,동구,효동,456,36.3109093,127.4584142,1.7,389.88,456,2776.8355784135642,2225.366730812279,3,판암2(5_초기); 가오동1(3_사업시행); 가오동2(1_공사중),0.32075471698113206,0.08878868620618978,0.28115216030056356,0.22276077873294545,0.0,0.2312,64,임박도=0.107 | 학생유입=0.025 | 수용여석=0.062 | 외곽성=0.037
대전탄방초등학교,초,서구,탄방동,602,36.3456534,127.3911856,1.05,777.24,602,2357.1942582448924,1182.8504972940648,2,용문동4(6_입안); 용문동1·2·3(1_공사중),0.19811320754716982,0.17700348432055749,0.3725735754539762,0.1883042706123776,0.0,0.2294,65,임박도=0.066 | 학생유입=0.049 | 수용여석=0.083 | 외곽성=0.031
대전화정초등학교,초,대덕구,오정동,152,36.3573291,127.4118971,1.5,833.04,152,4241.259316257703,161.6209929560126,4,대화동1(2_관리처분); 대화동2(3_사업시행); 대화동3(5_초기); 소라(9_미정),0.2830188679245283,0.18971100635376098,0.09079524107701942,0.3430037719508138,0.6767580140879748,0.2244,66,임박도=0.094 | 학생유입=0.053 | 수용여석=0.020 | 외곽성=0.057
대전대문중학교,중,중구,문화2동,78,36.3079485,127.4007655,2.05,817.28,78,2443.5006068073403,1049.9594795791215,9,문화동5(9_미정); 문화동7(9_미정); 문화동8(1_공사중); 산성동1(4_조합설립); 산성동2(3_사업시행); 유천동3(4_조합설립); 유천동2(6_입안); 문화동10(6_입안); 유천동2(중복)(6_입안),0.38679245283018865,0.1861219284461752,0.044458359423919847,0.19539083539323196,0.0,0.2231,67,임박도=0.129 | 학생유입=0.052 | 수용여석=0.010 | 외곽성=0.033
충남중학교,중,동구,신인동,792,36.3245875,127.4440635,1.1,436.88,792,1271.9358782929164,834.6382213622719,4,대동4·8(3_사업시행); 신안1(5_초기); 판암6(5_초기); 신흥동5(5_초기),0.2075471698113208,0.09949215458541139,0.4915466499686913,0.09919432746688552,0.0,0.2226,68,임박도=0.069 | 학생유입=0.028 | 수용여석=0.109 | 외곽성=0.017
대전문화여자중학교,중,중구,문화1동,146,36.3129522,127.4101816,2.45,447.36000000000007,146,1509.4240967380035,350.8568482996343,9,대사동3(9_미정); 문화동5(9_미정); 문화동7(9_미정); 문화동8(1_공사중); 문화2(1_공사중); 유천동1(5_초기); 문화동10(6_입안); 문화동2(9_미정); 문화동6(5_초기),0.4622641509433963,0.10187880030060806,0.08703819661865998,0.1186943488758908,0.29828630340073137,0.2215,69,임박도=0.154 | 학생유입=0.028 | 수용여석=0.019 | 외곽성=0.020
대전중리초등학교,초,대덕구,법1동,360,36.3675607,127.4272541,1.5,571.86,360,3112.38161605281,780.6714631447004,4,대화동1(2_관리처분); 대화동4(4_조합설립); 법동2(3_사업시행); 중리주공2(9_미정),0.2830188679245283,0.13023160483705676,0.22103944896681277,0.25031227143650925,0.0,0.2214,70,임박도=0.094 | 학생유입=0.036 | 수용여석=0.049 | 외곽성=0.042
대전문정중학교,중,서구,둔산3동,1215,36.3549761,127.4008621,0.0,0.0,1215,3616.865493301951,139.6120593570423,0,,0.0,0.0,0.7564182842830307,0.2917351532588801,0.7207758812859153,0.2167,71,임박도=0.000 | 학생유입=0.000 | 수용여석=0.168 | 외곽성=0.049
대전대화중학교,중,대덕구,오정동,205,36.3615056,127.4144954,1.7000000000000002,438.32,205,3747.920198979142,526.0807681629565,5,대화동1(2_관리처분); 대화동2(3_사업시행); 대화동3(5_초기); 대화동4(4_조합설립); 소라(9_미정),0.3207547169811321,0.09982009063788116,0.12398246712586099,0.30249597997773064,0.0,0.2126,72,임박도=0.107 | 학생유입=0.028 | 수용여석=0.028 | 외곽성=0.050
대전전민초등학교,초,유성구,전민동,985,36.3985633,127.4069267,0.0,0.0,985,5632.748155556814,1673.3777079201498,0,,0.0,0.0,0.6123982467125861,0.4572581224797795,0.0,0.2123,73,임박도=0.000 | 학생유입=0.000 | 수용여석=0.136 | 외곽성=0.076
대전중앙중학교,중,중구,중촌동,276,36.3381487,127.4151938,1.9000000000000001,556.1600000000001,276,1480.0507371380722,1768.7572955726125,6,삼성1(3_사업시행); 삼성3(5_초기); 삼성5(4_조합설립); 삼성7(5_초기); 선화2(2_관리처분); 중촌시영(9_미정),0.3584905660377359,0.12665619093165723,0.16844082654978085,0.11628251916575505,0.0,0.2115,74,임박도=0.119 | 학생유입=0.035 | 수용여석=0.037 | 외곽성=0.019
대전탄방중학교,중,서구,둔산1동,1217,36.3503830,127.3943685,0.0,0.0,1217,2938.3571310081606,605.7101609514491,0,,0.0,0.0,0.7576706324358171,0.23602322077841761,0.0,0.2077,75,임박도=0.000 | 학생유입=0.000 | 수용여석=0.168 | 외곽성=0.039
대전도솔초등학교,초,서구,도안동,1141,36.3111845,127.3475014,0.0,0.0,1141,3698.4537873305667,90.50208439860303,0,,0.0,0.0,0.7100814026299311,0.29843432128792524,0.818995831202794,0.2075,76,임박도=0.000 | 학생유입=0.000 | 수용여석=0.158 | 외곽성=0.050
대전중원초등학교,초,대덕구,중리동,228,36.3656424,127.4275356,1.5,571.86,228,3325.799683349201,590.0685974863878,4,대화동1(2_관리처분); 대화동4(4_조합설립); 법동2(3_사업시행); 중리주공2(9_미정),0.2830188679245283,0.13023160483705676,0.13838447088290545,0.2678359065397404,0.0,0.2059,77,임박도=0.094 | 학생유입=0.036 | 수용여석=0.031 | 외곽성=0.045
대전삼천중학교,중,서구,둔산2동,1108,36.3585826,127.3940265,0.0,0.0,1108,3812.0711464659803,328.1247395921554,0,,0.0,0.0,0.6894176581089543,0.30776337748313815,0.34375052081568924,0.2045,78,임박도=0.000 | 학생유입=0.000 | 수용여석=0.153 | 외곽성=0.051
대전대성중학교,중,중구,목동,447,36.3325318,127.4074387,1.7000000000000002,301.12,447,1263.5115485057643,1345.8621228350162,6,용두동3(4_조합설립); 용두동2(2_관리처분); 태평동2(4_조합설립); 오류동1(3_사업시행); 오류동삼성(9_미정); 중촌시영(9_미정),0.3207547169811321,0.0685750723053449,0.27551659361302444,0.09850261057970035,0.0,0.2036,79,임박도=0.107 | 학생유입=0.019 | 수용여석=0.061 | 외곽성=0.016
대전대신초등학교,초,중구,대사동,44,36.3156991,127.4208517,2.2,728.28,44,1062.943288955752,365.89898735929813,6,대사동1(3_사업시행); 대사동3(9_미정); 대사동4(9_미정); 대흥동1(4_조합설립); 대흥2(1_공사중); 부사동4(3_사업시행),0.4150943396226416,0.16585365853658535,0.023168440826549782,0.08203406582072528,0.2682020252814037,0.2032,80,임박도=0.138 | 학생유입=0.046 | 수용여석=0.005 | 외곽성=0.014
대전반석초등학교,초,유성구,노은3동,1030,36.3899585,127.3131023,0.0,0.0,1030,4361.568174624568,3647.400041823845,0,,0.0,0.0,0.6405760801502818,0.3528822633101201,0.0,0.2012,81,임박도=0.000 | 학생유입=0.000 | 수용여석=0.142 | 외곽성=0.059
대전관평중학교,중,유성구,관평동,796,36.4245116,127.3876376,0.0,0.0,796,6717.623201869712,3990.22937383368,0,,0.0,0.0,0.4940513462742642,0.5463365903200217,0.0,0.2009,82,임박도=0.000 | 학생유입=0.000 | 수용여석=0.110 | 외곽성=0.091
대전목동초등학교,초,중구,목동,640,36.3345455,127.4082366,1.0,501.29999999999995,640,1374.3737967799398,1562.7239859674537,3,용두동3(4_조합설립); 용두동2(2_관리처분); 중촌시영(9_미정),0.18867924528301888,0.11416273826603811,0.3963681903569192,0.10760544620224616,0.0,0.2006,83,임박도=0.063 | 학생유입=0.032 | 수용여석=0.088 | 외곽성=0.018
대전장대초등학교,초,유성구,온천2동,315,36.3615475,127.3395598,1.2000000000000002,915.66,315,1672.6128892114184,836.0335661117356,3,장대A(5_초기); 장대B(2_관리처분); 장대C(5_초기),0.22641509433962267,0.20852633736421394,0.1928616155291171,0.13209368703159433,0.0,0.1983,84,임박도=0.075 | 학생유입=0.058 | 수용여석=0.043 | 외곽성=0.022
대전원신흥중학교,중,유성구,원신흥동,1010,36.3332893,127.3453455,0.0,0.0,1010,4163.124558325695,147.82175962478144,0,,0.0,0.0,0.628052598622417,0.3365881717899414,0.7043564807504371,0.1957,85,임박도=0.000 | 학생유입=0.000 | 수용여석=0.140 | 외곽성=0.056
대전새미래초등학교,초,유성구,노은3동,948,36.3792934,127.3031653,0.0,0.0,948,4762.457030993168,3835.0195719315952,0,,0.0,0.0,0.5892298058860364,0.3857990173832359,0.0,0.1952,86,임박도=0.000 | 학생유입=0.000 | 수용여석=0.131 | 외곽성=0.064
대전동산초등학교,초,대덕구,오정동,226,36.3505625,127.4214961,0.9500000000000001,590.4,226,4930.905592599031,908.7882920095781,5,삼성5(4_조합설립); 삼성7(5_초기); 오정동1(9_미정); 홍도동3(6_입안); 홍도동2(3_사업시행),0.17924528301886794,0.13445378151260504,0.13713212273011896,0.39963023216574933,0.0,0.1942,87,임박도=0.060 | 학생유입=0.037 | 수용여석=0.030 | 외곽성=0.067
대전은어송중학교,중,동구,산내동,733,36.3004121,127.4609474,0.30000000000000004,326.72,733,3960.3633436784608,3003.121042492755,3,옥계동2(4_조합설립); 옥계동3(6_입안); 옥계동4(6_입안),0.05660377358490567,0.07440504657147412,0.4546023794614903,0.31993956474566726,0.0,0.1939,88,임박도=0.019 | 학생유입=0.021 | 수용여석=0.101 | 외곽성=0.053
동명중학교,중,중구,석교동,119,36.3084918,127.4384320,1.75,444.15999999999997,119,2591.685207548551,1045.6139024209747,5,부사동4(3_사업시행); 부사동5(9_미정); 문창석교1(5_초기); 석교동(6_입안); 가오동2(1_공사중),0.33018867924528306,0.10115005351734188,0.07013149655604257,0.2075581879712153,0.0,0.1883,89,임박도=0.110 | 학생유입=0.028 | 수용여석=0.016 | 외곽성=0.035
대전송촌중학교,중,대덕구,송촌동,739,36.3639866,127.4433377,0.15000000000000002,322.48,739,4026.872256301523,1087.6805771942352,3,송촌동1(6_입안); 비래동2(6_입안); 비래동3(6_입안),0.028301886792452834,0.07343945708364646,0.45835942391984974,0.32540057341603734,0.0,0.1859,90,임박도=0.009 | 학생유입=0.020 | 수용여석=0.102 | 외곽성=0.054
대전선유초등학교,초,서구,관저2동,835,36.2949457,127.3412350,0.0,0.0,835,5152.649488132149,589.5087323763639,0,,0.0,0.0,0.5184721352536005,0.4178374962503542,0.0,0.1849,91,임박도=0.000 | 학생유입=0.000 | 수용여석=0.115 | 외곽성=0.070
대전둔곡초등학교,초,유성구,구즉동,428,36.4534382,127.3646634,0.0,0.0,428,9295.635767040461,7649.421222738185,0,,0.0,0.0,0.2636192861615529,0.7580157234688439,0.0,0.1849,91,임박도=0.000 | 학생유입=0.000 | 수용여석=0.059 | 외곽성=0.126
대전동화초등학교,초,유성구,관평동,688,36.4226468,127.3895368,0.0,0.0,688,6610.138619674485,3733.413150293665,0,,0.0,0.0,0.4264245460237946,0.5375110929220126,0.0,0.1844,93,임박도=0.000 | 학생유입=0.000 | 수용여석=0.095 | 외곽성=0.090
대전송촌초등학교,초,대덕구,송촌동,531,36.3648913,127.4440778,0.15000000000000002,725.5799999999999,531,3977.1357234045176,1180.2959583880615,3,송촌동1(6_입안); 비래동2(6_입안); 비래동3(6_입안),0.028301886792452834,0.16523877843820453,0.32811521603005633,0.32131673522544707,0.0,0.1818,94,임박도=0.009 | 학생유입=0.046 | 수용여석=0.073 | 외곽성=0.054
대전동화중학교,중,유성구,관평동,660,36.4226468,127.3895368,0.0,0.0,660,6610.138619674485,3733.413150293665,0,,0.0,0.0,0.408891671884784,0.5375110929220126,0.0,0.1805,95,임박도=0.000 | 학생유입=0.000 | 수용여석=0.091 | 외곽성=0.090
대전신계초등학교,초,서구,복수동,617,36.3019821,127.3778077,0.8,160.2,617,2633.5310772230514,728.28061640216,1,복수동2(2_관리처분),0.15094339622641512,0.03648288583726173,0.38196618659987475,0.21099412833016784,0.0,0.1805,95,임박도=0.050 | 학생유입=0.010 | 수용여석=0.085 | 외곽성=0.035
대전외삼중학교,중,유성구,노은3동,827,36.3940423,127.3101903,0.0,0.0,827,4823.336385980414,4145.674763110464,0,,0.0,0.0,0.5134627426424546,0.3907977863048708,0.0,0.1792,97,임박도=0.000 | 학생유입=0.000 | 수용여석=0.114 | 외곽성=0.065
대전도안중학교,중,서구,도안동,941,36.3181204,127.3451717,0.0,0.0,941,3655.5415192295227,391.831566035125,0,,0.0,0.0,0.5848465873512837,0.2949108195657848,0.21633686792975004,0.1791,98,임박도=0.000 | 학생유입=0.000 | 수용여석=0.130 | 외곽성=0.049
대전신일중학교,중,중구,부사동,300,36.3091404,127.4345299,1.25,454.40000000000003,300,2301.3769111240117,928.2106654492953,5,대사동1(3_사업시행); 부사동4(3_사업시행); 부사동5(9_미정); 문창석교1(5_초기); 석교동(6_입안),0.2358490566037736,0.10348204322379358,0.18346900438321853,0.18372114025341738,0.0,0.1787,99,임박도=0.079 | 학생유입=0.029 | 수용여석=0.041 | 외곽성=0.031
호수돈여자중학교,중,중구,은행선화동,324,36.3265502,127.4134650,1.7000000000000002,355.28,324,441.87019468677977,560.1678822463584,6,용두동3(4_조합설립); 선화1-A(5_초기); 선화2(2_관리처분); 오류동1(3_사업시행); 문화동2(9_미정); 오류동삼성(9_미정),0.3207547169811321,0.08090911161212451,0.19849718221665624,0.031038110256712978,0.0,0.1787,99,임박도=0.107 | 학생유입=0.022 | 수용여석=0.044 | 외곽성=0.005
대전도안초등학교,초,서구,도안동,934,36.3217137,127.3446850,0.0,0.0,934,3636.924081006597,299.7407403971796,0,,0.0,0.0,0.580463368816531,0.2933821523910305,0.40051851920564085,0.1779,101,임박도=0.000 | 학생유입=0.000 | 수용여석=0.129 | 외곽성=0.049
대전대동초등학교,초,동구,대동,232,36.3251324,127.4468997,1.1,982.9799999999999,232,1129.337494902997,1068.7432876528271,4,대동4·8(3_사업시행); 신안1(5_초기); 판암6(5_초기); 신흥동5(5_초기),0.2075471698113208,0.22385734781717562,0.1408891671884784,0.0874856559917322,0.0,0.1773,102,임박도=0.069 | 학생유입=0.062 | 수용여석=0.031 | 외곽성=0.015
대전관저중학교,중,서구,관저1동,828,36.3056354,127.3397644,0.0,0.0,828,4593.783983814246,827.3280489770532,0,,0.0,0.0,0.5140889167188478,0.3719493702190687,0.0,0.1762,103,임박도=0.000 | 학생유입=0.000 | 수용여석=0.114 | 외곽성=0.062
대전계산초등학교,초,유성구,학하동,708,36.3438972,127.2993032,0.0,0.0,708,5775.318063573223,3965.2807783137273,0,,0.0,0.0,0.43894802755165935,0.46896445585834545,0.0,0.1757,104,임박도=0.000 | 학생유입=0.000 | 수용여석=0.098 | 외곽성=0.078
대전봉우중학교,중,서구,관저2동,729,36.2987466,127.3326745,0.0,0.0,729,5526.756374254008,366.62269825305066,0,,0.0,0.0,0.45209768315591736,0.4485551981068754,0.2667546034938987,0.1752,105,임박도=0.000 | 학생유입=0.000 | 수용여석=0.100 | 외곽성=0.075
유성초등학교,초,유성구,온천2동,108,36.3624162,127.3337025,1.2000000000000002,915.66,108,2087.5731445889437,1109.2031827647606,3,장대A(5_초기); 장대B(2_관리처분); 장대C(5_초기),0.22641509433962267,0.20852633736421394,0.06324358171571696,0.16616583560691003,0.0,0.1751,106,임박도=0.075 | 학생유입=0.058 | 수용여석=0.014 | 외곽성=0.028
대전경덕중학교,중,대덕구,오정동,227,36.3498310,127.4230613,0.9500000000000001,262.40000000000003,227,5017.737529303575,972.8036266603706,5,삼성5(4_조합설립); 삼성7(5_초기); 오정동1(9_미정); 홍도동3(6_입안); 홍도동2(3_사업시행),0.17924528301886794,0.059757236227824466,0.13775829680651222,0.4067599526875087,0.0,0.1748,107,임박도=0.060 | 학생유입=0.017 | 수용여석=0.031 | 외곽성=0.068
대전성룡초등학교,초,서구,월평3동,854,36.3619376,127.3735199,0.0,0.0,854,4224.687115183728,731.7592303300046,0,,0.0,0.0,0.530369442705072,0.3416430380253471,0.0,0.1748,107,임박도=0.000 | 학생유입=0.000 | 수용여석=0.118 | 외곽성=0.057
대전금동초등학교,초,서구,관저2동,672,36.2981969,127.3262661,0.0,0.0,672,6053.075252955055,400.08305117099695,0,,0.0,0.0,0.4164057608015028,0.4917709393753508,0.19983389765800608,0.1745,109,임박도=0.000 | 학생유입=0.000 | 수용여석=0.093 | 외곽성=0.082
대전느리울중학교,중,서구,관저2동,760,36.2973786,127.3395222,0.0,0.0,760,5104.389633581387,700.7212395537973,0,,0.0,0.0,0.4715090795241077,0.41387490727184906,0.0,0.1738,110,임박도=0.000 | 학생유입=0.000 | 수용여석=0.105 | 외곽성=0.069
대전복용초등학교,초,유성구,상대동,802,36.3350119,127.3276981,0.0,0.0,802,4589.387176799473,1556.0959518193538,0,,0.0,0.0,0.4978083907326237,0.37158835091680315,0.0,0.1726,111,임박도=0.000 | 학생유입=0.000 | 수용여석=0.111 | 외곽성=0.062
남선초등학교,초,유성구,진잠동,44,36.2873073,127.2646541,0.0,0.0,44,12242.730722462826,5194.433407409505,0,,0.0,0.0,0.023168440826549782,1.0,0.0,0.1718,112,임박도=0.000 | 학생유입=0.000 | 수용여석=0.005 | 외곽성=0.167
대전구봉중학교,중,서구,관저2동,687,36.3004178,127.3301551,0.0,0.0,687,5628.074806748785,463.39690138805787,0,,0.0,0.0,0.4257983719474014,0.4568743964894757,0.07320619722388422,0.1708,113,임박도=0.000 | 학생유입=0.000 | 수용여석=0.095 | 외곽성=0.076
대전용전초등학교,초,동구,용전동,534,36.3561565,127.4303126,0.55,362.88,534,2937.329329641743,315.17734789041555,2,송촌동1(6_입안); 홍도동2(3_사업시행),0.1037735849056604,0.08263988522238162,0.32999373825923606,0.23593882859769985,0.36964530421916886,0.1702,114,임박도=0.035 | 학생유입=0.023 | 수용여석=0.073 | 외곽성=0.039
구즉초등학교,초,유성구,구즉동,418,36.4407059,127.3822122,0.0,0.0,418,8213.642607766793,5541.91241406257,0,,0.0,0.0,0.2573575453976205,0.6691738857205334,0.0,0.1687,115,임박도=0.000 | 학생유입=0.000 | 수용여석=0.057 | 외곽성=0.112
중리중학교,중,대덕구,중리동,115,36.3665971,127.4274172,1.5,254.16,115,3219.9730057805587,682.0990439779857,4,대화동1(2_관리처분); 대화동4(4_조합설립); 법동2(3_사업시행); 중리주공2(9_미정),0.2830188679245283,0.05788071326091412,0.06762680025046963,0.25914653873975585,0.0,0.1686,116,임박도=0.094 | 학생유입=0.016 | 수용여석=0.015 | 외곽성=0.043
대전매봉중학교,중,대덕구,송촌동,656,36.3693507,127.4360113,0.5,53.28,656,3186.9555841296174,958.6274105113804,2,법동2(3_사업시행); 중리주공2(9_미정),0.09433962264150944,0.01213363394138143,0.406386975579211,0.25643549718460446,0.0,0.1679,117,임박도=0.031 | 학생유입=0.003 | 수용여석=0.090 | 외곽성=0.043
유성중학교,중,유성구,상대동,892,36.3458300,127.3347128,0.0,0.0,892,3240.4538273827216,965.9400914114176,0,,0.0,0.0,0.554164057608015,0.260828207255066,0.0,0.1666,118,임박도=0.000 | 학생유입=0.000 | 수용여석=0.123 | 외곽성=0.043
산흥초등학교,초,동구,산내동,54,36.2289750,127.4483897,0.0,0.0,54,11761.169325397055,9414.213898456084,0,,0.0,0.0,0.029430181590482152,0.9604592698786685,0.0,0.1666,118,임박도=0.000 | 학생유입=0.000 | 수용여석=0.007 | 외곽성=0.160
대전호수초등학교,초,서구,도안동,897,36.3204731,127.3502082,0.0,0.0,897,3162.992289425,215.232081383405,0,,0.0,0.0,0.5572949279899813,0.25446788480016785,0.56953583723319,0.1663,120,임박도=0.000 | 학생유입=0.000 | 수용여석=0.124 | 외곽성=0.042
대전전민중학교,중,유성구,전민동,638,36.4014675,127.4055557,0.0,0.0,638,5722.055725428346,1704.7056238507084,0,,0.0,0.0,0.39511584220413276,0.46459111582102086,0.0,0.1652,121,임박도=0.000 | 학생유입=0.000 | 수용여석=0.088 | 외곽성=0.077
대전배울초등학교,초,유성구,관평동,568,36.4218889,127.3841009,0.0,0.0,568,6319.605148867345,4107.7799385247645,0,,0.0,0.0,0.3512836568566061,0.5136555562648044,0.0,0.1637,122,임박도=0.000 | 학생유입=0.000 | 수용여석=0.078 | 외곽성=0.086
대전신계중학교,중,서구,복수동,536,36.3019711,127.3774180,0.8,71.2,536,2643.5044220065242,699.2744474221188,1,복수동2(2_관리처분),0.15094339622641512,0.016214615927671882,0.3312460864120225,0.21181303395028844,0.0,0.1637,122,임박도=0.050 | 학생유입=0.005 | 수용여석=0.074 | 외곽성=0.035
대전중촌초등학교,초,중구,중촌동,262,36.3412467,127.4110600,0.65,980.64,262,1906.6971858314869,1642.3166916500916,5,삼성3(5_초기); 삼성5(4_조합설립); 삼성7(5_초기); 용문동4(6_입안); 중촌시영(9_미정),0.12264150943396228,0.22332445173191226,0.1596743894802755,0.15131421437181153,0.0,0.1636,124,임박도=0.041 | 학생유입=0.062 | 수용여석=0.035 | 외곽성=0.025
흥도초등학교,초,유성구,원신흥동,772,36.3341902,127.3387326,0.0,0.0,772,4231.761141413204,580.6934060500442,0,,0.0,0.0,0.47902316844082654,0.3422238822618563,0.0,0.1635,125,임박도=0.000 | 학생유입=0.000 | 수용여석=0.106 | 외곽성=0.057
대전내동중학교,중,서구,변동,498,36.3323785,127.3704150,0.65,521.4399999999999,498,1543.8279728531509,2273.197670678475,4,변동A(4_조합설립); 내동1(5_초기); 내동2(4_조합설립); 도마동1(6_입안),0.12264150943396228,0.11874928833321945,0.30745147150907953,0.12151923141191967,0.0,0.1624,126,임박도=0.041 | 학생유입=0.033 | 수용여석=0.068 | 외곽성=0.020
대전두리초등학교,초,유성구,구즉동,491,36.4288090,127.3820834,0.0,0.0,491,6960.643488647919,4671.946701510399,0,,0.0,0.0,0.3030682529743269,0.5662908466870312,0.0,0.1617,127,임박도=0.000 | 학생유입=0.000 | 수용여석=0.067 | 외곽성=0.094
신탄진중학교,중,대덕구,석봉동,409,36.4475861,127.4225837,0.25,150.24,409,5837.579008079847,4826.0045675465235,2,덕암동1(5_초기); 신탄진동1(6_입안),0.04716981132075472,0.034214661474345834,0.2517219787100814,0.47407666630302814,0.0,0.1602,128,임박도=0.016 | 학생유입=0.010 | 수용여석=0.056 | 외곽성=0.079
동대전중학교,중,동구,가양2동,140,36.3451364,127.4559046,1.5,493.84000000000003,140,1242.9418832261047,879.8224041674214,5,가양동1(4_조합설립); 자양동2(4_조합설립); 가양동3(6_입안); 가양동8(6_입안); 가양동7(1_공사중),0.2830188679245283,0.11246384732754891,0.08328115216030056,0.09681364716098584,0.0,0.1602,128,임박도=0.094 | 학생유입=0.031 | 수용여석=0.019 | 외곽성=0.016
신탄진용정초등학교,초,대덕구,신탄진동,384,36.4540033,127.4358676,0.05,205.92,384,6697.582203983428,5631.910262958138,1,신탄진동1(6_입안),0.009433962264150945,0.046894855503176874,0.23606762680025048,0.5446910354777686,0.0,0.1594,130,임박도=0.003 | 학생유입=0.013 | 수용여석=0.052 | 외곽성=0.091
대전갑천중학교,중,서구,월평3동,731,36.3619688,127.3691739,0.0,0.0,731,4339.580212391753,1096.9502227076362,0,,0.0,0.0,0.4533500313087038,0.35107684434202324,0.0,0.1593,131,임박도=0.000 | 학생유입=0.000 | 수용여석=0.101 | 외곽성=0.059
대전두리중학교,중,유성구,구즉동,468,36.4288090,127.3820834,0.0,0.0,468,6960.643488647919,4671.946701510399,0,,0.0,0.0,0.2886662492172824,0.5662908466870312,0.0,0.1585,132,임박도=0.000 | 학생유입=0.000 | 수용여석=0.064 | 외곽성=0.094
대전구봉초등학교,초,서구,관저2동,586,36.2997236,127.3301054,0.0,0.0,586,5669.676915551322,386.30795645274304,0,,0.0,0.0,0.3625547902316844,0.4602903217830364,0.22738408709451396,0.1573,133,임박도=0.000 | 학생유입=0.000 | 수용여석=0.081 | 외곽성=0.077
서대전초등학교,초,중구,용두동,214,36.3259585,127.4104400,1.1500000000000001,751.32,214,686.8330362040617,699.2241713179454,7,용두동3(4_조합설립); 태평동2(4_조합설립); 오류동1(3_사업시행); 문화동2(9_미정); 문화동6(5_초기); 태평동3(6_입안); 오류동삼성(9_미정),0.21698113207547173,0.17110063537610165,0.12961803381340012,0.051151868679227185,0.0,0.1572,134,임박도=0.072 | 학생유입=0.048 | 수용여석=0.029 | 외곽성=0.009
진잠초등학교,초,유성구,진잠동,287,36.2991072,127.3151578,0.0,0.0,287,8638.295663584728,1370.9473338040973,0,,0.0,0.0,0.17532874139010646,0.7040419045808624,0.0,0.1563,135,임박도=0.000 | 학생유입=0.000 | 수용여석=0.039 | 외곽성=0.117
대전장대중학교,중,유성구,온천2동,230,36.3605249,127.3387996,1.2000000000000002,406.96000000000004,230,1793.5431524785809,752.7169423659977,3,장대A(5_초기); 장대B(2_관리처분); 장대C(5_초기),0.22641509433962267,0.09267837216187289,0.13963681903569192,0.14202320159086737,0.0,0.1559,136,임박도=0.075 | 학생유입=0.026 | 수용여석=0.031 | 외곽성=0.024
신탄진초등학교,초,대덕구,석봉동,263,36.4494593,127.4223133,0.25,338.03999999999996,263,6044.321723632793,5034.4790412157645,2,덕암동1(5_초기); 신탄진동1(6_입안),0.04716981132075472,0.07698298831727812,0.16030056355666875,0.4910521921031448,0.0,0.1546,137,임박도=0.016 | 학생유입=0.021 | 수용여석=0.036 | 외곽성=0.082
대전샘머리초등학교,초,서구,둔산2동,700,36.3632745,127.3933215,0.0,0.0,700,4310.621273283564,847.4312848517991,0,,0.0,0.0,0.4339386349405135,0.34869904246078026,0.0,0.1545,138,임박도=0.000 | 학생유입=0.000 | 수용여석=0.096 | 외곽성=0.058
대전상원초등학교,초,유성구,상대동,746,36.3424244,127.3333047,0.0,0.0,746,3625.5685145981565,988.935380896723,0,,0.0,0.0,0.4627426424546024,0.2924497533460346,0.0,0.1516,139,임박도=0.000 | 학생유입=0.000 | 수용여석=0.103 | 외곽성=0.049
기성초등학교길헌분교장,초,서구,기성동,7,36.2417680,127.3164705,0.0,0.0,7,11095.333189298992,4757.56457814167,0,,0.0,0.0,0.0,0.9057878466231871,0.0,0.151,140,임박도=0.000 | 학생유입=0.000 | 수용여석=0.000 | 외곽성=0.151
대전백운초등학교,초,서구,괴정동,664,36.3405387,127.3850093,0.2,349.74,664,1723.567424227948,1658.9932834431145,1,내동2(4_조합설립),0.03773584905660378,0.07964746874359499,0.4113963681903569,0.13627753467765338,0.0,0.1488,141,임박도=0.013 | 학생유입=0.022 | 수용여석=0.091 | 외곽성=0.023
대전관평초등학교,초,유성구,관평동,414,36.4245116,127.3876376,0.0,0.0,414,6717.623201869712,3990.22937383368,0,,0.0,0.0,0.2548528490920476,0.5463365903200217,0.0,0.1477,142,임박도=0.000 | 학생유입=0.000 | 수용여석=0.057 | 외곽성=0.091
대전노은중학교,중,유성구,노은1동,803,36.3699880,127.3243216,0.0,0.0,803,2752.0053588376254,1748.4124445686566,0,,0.0,0.0,0.49843456480901693,0.22072198364453532,0.0,0.1475,143,임박도=0.000 | 학생유입=0.000 | 수용여석=0.111 | 외곽성=0.037
대전서부초등학교,초,서구,변동,404,36.3333627,127.3690371,0.45,648.9,404,1706.7690665350476,2192.957842787664,3,내동1(5_초기); 내동2(4_조합설립); 도마동1(6_입안),0.0849056603773585,0.14777618364418937,0.2485911083281152,0.13489823116191527,0.0,0.1471,144,임박도=0.028 | 학생유입=0.041 | 수용여석=0.055 | 외곽성=0.022
진잠중학교,중,유성구,진잠동,209,36.2969898,127.3184051,0.0,0.0,209,8738.998999828018,1045.338095222918,0,,0.0,0.0,0.12648716343143393,0.7123105977630316,0.0,0.1468,145,임박도=0.000 | 학생유입=0.000 | 수용여석=0.028 | 외곽성=0.119
대전송강중학교,중,유성구,구즉동,292,36.4376479,127.3816676,0.0,0.0,292,7875.446879540446,5333.336086141791,0,,0.0,0.0,0.17845961177207265,0.6414048284425499,0.0,0.1466,146,임박도=0.000 | 학생유입=0.000 | 수용여석=0.040 | 외곽성=0.107
대전매봉초등학교,초,대덕구,송촌동,465,36.3695187,127.4372248,0.5,119.88,465,3221.093244459998,1024.462792321296,1,법동2(3_사업시행),0.09433962264150944,0.027300676368108217,0.2867877269881027,0.2592385208952299,0.0,0.146,147,임박도=0.031 | 학생유입=0.008 | 수용여석=0.064 | 외곽성=0.043
대전교촌초등학교,초,유성구,진잠동,279,36.3060020,127.3167901,0.0,0.0,279,7883.540655990726,1606.5442949077983,0,,0.0,0.0,0.17031934877896054,0.6420694037848279,0.0,0.1449,148,임박도=0.000 | 학생유입=0.000 | 수용여석=0.038 | 외곽성=0.107
대전느리울초등학교,초,서구,관저2동,591,36.2985384,127.3439214,0.0,0.0,591,4713.1866667726035,298.0099430142405,0,,0.0,0.0,0.3656856606136506,0.3817534560353047,0.403980113971519,0.1449,148,임박도=0.000 | 학생유입=0.000 | 수용여석=0.081 | 외곽성=0.064
외삼초등학교,초,유성구,노은3동,580,36.3928996,127.3105126,0.0,0.0,580,4730.042741095394,4038.0733410598145,0,,0.0,0.0,0.35879774577332496,0.3831374986304207,0.0,0.1436,150,임박도=0.000 | 학생유입=0.000 | 수용여석=0.080 | 외곽성=0.064
대덕초등학교,초,유성구,신성동,641,36.3850882,127.3817273,0.2,47.339999999999996,641,2923.730839444278,1170.5375284526885,1,도룡동2(5_초기),0.03773584905660378,0.010780897724943634,0.3969943644333125,0.2348222643667798,0.0,0.1429,151,임박도=0.013 | 학생유입=0.003 | 수용여석=0.088 | 외곽성=0.039
대전송강초등학교,초,유성구,구즉동,289,36.4342453,127.3842040,0.0,0.0,289,7592.142099179046,4908.438476459072,0,,0.0,0.0,0.17658108954289292,0.6181428354119431,0.0,0.1423,152,임박도=0.000 | 학생유입=0.000 | 수용여석=0.039 | 외곽성=0.103
산내초등학교,초,동구,산내동,395,36.2792732,127.4700311,0.0,0.0,395,6437.519625866305,5279.3723464264585,0,,0.0,0.0,0.2429555416405761,0.5233374463432509,0.0,0.1412,153,임박도=0.000 | 학생유입=0.000 | 수용여석=0.054 | 외곽성=0.087
대전덕명중학교,중,유성구,학하동,494,36.3458099,127.3027397,0.0,0.0,494,5402.205720491024,3610.8531155752385,0,,0.0,0.0,0.30494677520350655,0.4383284153604068,0.0,0.1408,154,임박도=0.000 | 학생유입=0.000 | 수용여석=0.068 | 외곽성=0.073
대전원신흥초등학교복용분교장,초,유성구,상대동,669,36.3467430,127.3303713,0.0,0.0,669,3396.6742669553028,1302.283572645024,0,,0.0,0.0,0.4145272385723231,0.27365537795066797,0.0,0.1377,155,임박도=0.000 | 학생유입=0.000 | 수용여석=0.092 | 외곽성=0.046
한밭여자중학교,중,동구,대동,372,36.3299454,127.4489263,0.9,353.91999999999996,372,568.8811175404272,1283.871150780783,3,대동4·8(3_사업시행); 신안1(5_초기); 신흥동5(5_초기),0.169811320754717,0.0805993942292364,0.2285535378835316,0.0414669042871685,0.0,0.1367,156,임박도=0.057 | 학생유입=0.022 | 수용여석=0.051 | 외곽성=0.007
대전둔곡중학교,중,유성구,구즉동,79,36.4534382,127.3646634,0.0,0.0,79,9295.635767040461,7649.421222738185,0,,0.0,0.0,0.045084533500313086,0.7580157234688439,0.0,0.1364,157,임박도=0.000 | 학생유입=0.000 | 수용여석=0.010 | 외곽성=0.126
대전죽동초등학교,초,유성구,온천2동,818,36.3704210,127.3356513,0.0,0.0,818,1736.2975770959824,759.3775364587467,0,,0.0,0.0,0.5078271759549154,0.1373228002284747,0.0,0.1357,158,임박도=0.000 | 학생유입=0.000 | 수용여석=0.113 | 외곽성=0.023
대전노은초등학교,초,유성구,노은1동,686,36.3689340,127.3212215,0.0,0.0,686,3032.4261898830587,2017.695143156514,0,,0.0,0.0,0.42517219787100813,0.24374717725085052,0.0,0.1351,159,임박도=0.000 | 학생유입=0.000 | 수용여석=0.094 | 외곽성=0.041
청란여자중학교,중,중구,부사동,20,36.3109466,127.4296172,1.4,319.36,20,1875.459791327787,751.8452451180093,6,대사동1(3_사업시행); 대사동4(9_미정); 대흥동1(4_조합설립); 부사동4(3_사업시행); 부사동5(9_미정); 문창석교1(5_초기),0.2641509433962264,0.07272892896996197,0.008140262993112084,0.14874932982481437,0.0,0.1349,160,임박도=0.088 | 학생유입=0.020 | 수용여석=0.002 | 외곽성=0.025
대전삼천초등학교,초,서구,둔산3동,631,36.3539594,127.4012153,0.0,0.0,631,3526.437361857194,70.89561897331052,0,,0.0,0.0,0.3907326236693801,0.2843101512495411,0.8582087620533789,0.1342,161,임박도=0.000 | 학생유입=0.000 | 수용여석=0.087 | 외곽성=0.047
대전서원초등학교,초,서구,둔산2동,585,36.3593773,127.3943323,0.0,0.0,585,3904.045842100368,405.73902366038277,0,,0.0,0.0,0.36192861615529115,0.31531536699108087,0.18852195267923444,0.133,162,임박도=0.000 | 학생유입=0.000 | 수용여석=0.080 | 외곽성=0.053
기성초등학교,초,서구,기성동,33,36.2487568,127.3380289,0.0,0.0,33,9450.446439210937,4194.948733838227,0,,0.0,0.0,0.01628052598622417,0.7707271389716083,0.0,0.1321,163,임박도=0.000 | 학생유입=0.000 | 수용여석=0.004 | 외곽성=0.128
신탄중앙중학교,중,대덕구,덕암동,265,36.4413849,127.4243139,0.25,150.24,265,5159.641146356687,4135.736277304939,2,덕암동1(5_초기); 신탄진동1(6_입안),0.04716981132075472,0.034214661474345834,0.16155291170945524,0.4184115772972188,0.0,0.1309,164,임박도=0.016 | 학생유입=0.010 | 수용여석=0.036 | 외곽성=0.070
대전법동중학교,중,대덕구,법2동,364,36.3667155,127.4333447,0.5,53.28,364,3357.9275125675927,601.8553305026713,2,법동2(3_사업시행); 중리주공2(9_미정),0.09433962264150944,0.01213363394138143,0.22354414527238572,0.27047390417046646,0.0,0.1296,165,임박도=0.031 | 학생유입=0.003 | 수용여석=0.050 | 외곽성=0.045
대전선암초등학교,초,서구,관저2동,401,36.2975283,127.3340098,0.0,0.0,401,5498.987645863344,386.4112779266861,0,,0.0,0.0,0.2467125860989355,0.4462751237450224,0.22717744414662777,0.1292,166,임박도=0.000 | 학생유입=0.000 | 수용여석=0.055 | 외곽성=0.074
대전둔원중학교,중,서구,갈마2동,576,36.3425045,127.3765274,0.2,155.44,576,2085.2001764138386,1633.5908931664492,1,내동2(4_조합설립),0.03773584905660378,0.03539887499715333,0.35629304946775203,0.1659709925510296,0.0,0.1292,166,임박도=0.013 | 학생유입=0.010 | 수용여석=0.079 | 외곽성=0.028
대전동도초등학교,초,대덕구,오정동,73,36.3478144,127.4124032,0.4,362.34000000000003,73,5278.078459950442,1157.601890862202,4,삼성5(4_조합설립); 삼성7(5_초기); 오정동1(9_미정); 중촌시영(9_미정),0.07547169811320756,0.08251690920270548,0.041327489041953665,0.42813639718859925,0.0,0.1286,168,임박도=0.025 | 학생유입=0.023 | 수용여석=0.009 | 외곽성=0.071
기성중학교,중,서구,기성동,29,36.2499908,127.3411563,0.0,0.0,29,9204.566040453105,4171.646295222215,0,,0.0,0.0,0.013775829680651221,0.7505380404503227,0.0,0.1282,169,임박도=0.000 | 학생유입=0.000 | 수용여석=0.003 | 외곽성=0.125
대전동광초등학교,초,동구,자양동,112,36.3372049,127.4499000,0.9,857.3399999999999,112,244.7340584694413,950.6205359050974,3,대동4·8(3_사업시행); 가양동1(4_조합설립); 자양동2(4_조합설립),0.169811320754717,0.19524492723918832,0.06574827802128992,0.014851375176145012,0.0,0.1279,170,임박도=0.057 | 학생유입=0.054 | 수용여석=0.015 | 외곽성=0.002
대전상대초등학교,초,유성구,상대동,634,36.3474262,127.3365151,0.0,0.0,634,3003.330983246243,875.349725893368,0,,0.0,0.0,0.3926111458985598,0.24135818652098603,0.0,0.1275,171,임박도=0.000 | 학생유입=0.000 | 수용여석=0.087 | 외곽성=0.040
대전봉명초등학교,초,유성구,원신흥동,684,36.3496096,127.3434709,0.0,0.0,684,2487.032035243446,528.6545969920073,0,,0.0,0.0,0.42391984971822166,0.19896517601537494,0.0,0.1274,172,임박도=0.000 | 학생유입=0.000 | 수용여석=0.094 | 외곽성=0.033
대전비래초등학교,초,대덕구,비래동,217,36.3616260,127.4512659,0.1,445.67999999999995,217,4644.215473973962,1376.0657235025565,2,비래동2(6_입안); 비래동3(6_입안),0.01886792452830189,0.1014962082393933,0.13149655604257984,0.37609027095191866,0.0,0.1264,173,임박도=0.006 | 학생유입=0.028 | 수용여석=0.029 | 외곽성=0.063
대전대정초등학교,초,유성구,진잠동,260,36.3152767,127.3232795,0.0,0.0,260,6704.259053286253,2136.8461436615153,0,,0.0,0.0,0.15842204132748905,0.5452392677446248,0.0,0.1261,174,임박도=0.000 | 학생유입=0.000 | 수용여석=0.035 | 외곽성=0.091
대전괴정중학교,중,서구,괴정동,555,36.3402017,127.3790856,0.2,155.44,555,1767.7611602868578,1780.2616184226777,1,내동2(4_조합설립),0.03773584905660378,0.03539887499715333,0.3431433938634941,0.13990625699884898,0.0,0.122,175,임박도=0.013 | 학생유입=0.010 | 수용여석=0.076 | 외곽성=0.023
대전봉명중학교,중,유성구,원신흥동,642,36.3496520,127.3446292,0.0,0.0,642,2441.290128947341,565.4039207910289,0,,0.0,0.0,0.3976205385097057,0.1952093343239312,0.0,0.1209,176,임박도=0.000 | 학생유입=0.000 | 수용여석=0.088 | 외곽성=0.033
대전법동초등학교,초,대덕구,법2동,289,36.3693345,127.4325902,0.5,119.88,289,3062.6422392911822,876.4492352321838,2,법동2(3_사업시행); 중리주공2(9_미정),0.09433962264150944,0.027300676368108217,0.17658108954289292,0.24622819973782584,0.0,0.1193,177,임박도=0.031 | 학생유입=0.008 | 수용여석=0.039 | 외곽성=0.041
대전둔산중학교,중,서구,갈마1동,541,36.3533151,127.3722520,0.0,0.0,541,3342.605653850449,1060.6873201875007,0,,0.0,0.0,0.3343769567939887,0.2692158351388057,0.0,0.1192,178,임박도=0.000 | 학생유입=0.000 | 수용여석=0.074 | 외곽성=0.045
대전목상초등학교,초,대덕구,목상동,161,36.4457981,127.4126245,0.2,132.12,161,5673.3130312671965,4741.924348027162,1,덕암동1(5_초기),0.03773584905660378,0.03008813281410125,0.09643080776455855,0.46058888115903157,0.0,0.1191,179,임박도=0.013 | 학생유입=0.008 | 수용여석=0.021 | 외곽성=0.077
대전정림초등학교,초,서구,정림동,444,36.3036623,127.3665373,0.2,98.82,444,2889.3919331611282,434.04622640738756,1,정림동1(5_초기),0.03773584905660378,0.022504611600737853,0.2736380713838447,0.23200271646639387,0.1319075471852249,0.1183,180,임박도=0.013 | 학생유입=0.006 | 수용여석=0.061 | 외곽성=0.039
대전새미래중학교,중,유성구,노은3동,406,36.3792504,127.3050716,0.0,0.0,406,4594.598849594195,3671.72019597042,0,,0.0,0.0,0.2498434564809017,0.3720162783809072,0.0,0.1175,181,임박도=0.000 | 학생유입=0.000 | 수용여석=0.056 | 외곽성=0.062
대덕중학교,중,유성구,신성동,529,36.3791884,127.3771598,0.2,21.04,529,2233.788032210787,543.6163453517382,1,도룡동2(5_초기),0.03773584905660378,0.004791510099974949,0.32686286787726987,0.1781714561703592,0.0,0.1162,182,임박도=0.013 | 학생유입=0.001 | 수용여석=0.073 | 외곽성=0.030
대전갑천초등학교,초,서구,월평3동,426,36.3608614,127.3676786,0.0,0.0,426,4270.691539755229,1133.5701170799505,0,,0.0,0.0,0.2623669380087664,0.3454204349418206,0.0,0.1159,183,임박도=0.000 | 학생유입=0.000 | 수용여석=0.058 | 외곽성=0.058
대전자운초등학교,초,유성구,신성동,357,36.4123998,127.3387617,0.0,0.0,357,4923.375226313991,4911.651695649918,0,,0.0,0.0,0.21916092673763307,0.3990119181090044,0.0,0.1152,184,임박도=0.000 | 학생유입=0.000 | 수용여석=0.049 | 외곽성=0.067
대전지족중학교,중,유성구,노은2동,520,36.3778461,127.3210215,0.0,0.0,520,3169.707548762073,2293.373559144001,0,,0.0,0.0,0.32122730118973075,0.2550192708929067,0.0,0.1139,185,임박도=0.000 | 학생유입=0.000 | 수용여석=0.071 | 외곽성=0.043
대전하기중학교,중,유성구,노은2동,494,36.3858474,127.3223229,0.0,0.0,494,3417.7056561524246,2732.231286522599,0,,0.0,0.0,0.30494677520350655,0.2753822532554311,0.0,0.1137,186,임박도=0.000 | 학생유입=0.000 | 수용여석=0.068 | 외곽성=0.046
문지초등학교,초,유성구,전민동,339,36.3958310,127.3994116,0.0,0.0,339,4906.731170775081,2411.73825416909,0,,0.0,0.0,0.20788979336255478,0.3976452842546329,0.0,0.1125,187,임박도=0.000 | 학생유입=0.000 | 수용여석=0.046 | 외곽성=0.066
대전판암초등학교,초,동구,판암1동,285,36.3159027,127.4605179,0.4,279.18,285,2319.1272550072354,2297.4791853212446,2,판암2(5_초기); 판암6(5_초기),0.07547169811320756,0.06357860217257634,0.17407639323731997,0.18517861080924666,0.0,0.1124,188,임박도=0.025 | 학생유입=0.018 | 수용여석=0.039 | 외곽성=0.031
대전양지초등학교,초,대덕구,법2동,178,36.3656527,127.4334862,0.5,119.88,178,3472.72923778589,493.04283766387465,2,법동2(3_사업시행); 중리주공2(9_미정),0.09433962264150944,0.027300676368108217,0.10707576706324358,0.27990020798547094,0.013914324672250733,0.1095,189,임박도=0.031 | 학생유입=0.008 | 수용여석=0.024 | 외곽성=0.047
대전서중학교,중,서구,괴정동,161,36.3357952,127.3740189,0.6000000000000001,438.96,161,1550.845483745147,2400.9073398872147,3,변동A(4_조합설립); 내동1(5_초기); 내동2(4_조합설립),0.11320754716981134,0.09996583999453439,0.09643080776455855,0.12209543520648178,0.0,0.1073,190,임박도=0.038 | 학생유입=0.028 | 수용여석=0.021 | 외곽성=0.020
대전석봉초등학교,초,대덕구,신탄진동,84,36.4470316,127.4347803,0.05,205.92,84,5921.616390224591,4854.1074919474595,1,신탄진동1(6_입안),0.009433962264150945,0.046894855503176874,0.048215403882279274,0.48097692755265375,0.0,0.1071,191,임박도=0.003 | 학생유입=0.013 | 수용여석=0.011 | 외곽성=0.080
대전지족초등학교,초,유성구,노은2동,426,36.3805555,127.3172754,0.0,0.0,426,3580.6893883551375,2732.4392515365316,0,,0.0,0.0,0.2623669380087664,0.28876475402991625,0.0,0.1064,192,임박도=0.000 | 학생유입=0.000 | 수용여석=0.058 | 외곽성=0.048
회덕초등학교,초,대덕구,회덕동,112,36.3744450,127.4214085,0.7,273.06,112,2283.495139939498,1004.4797787628418,3,대화동4(4_조합설립); 법동2(3_사업시행); 중리주공2(9_미정),0.1320754716981132,0.062184873949579826,0.06574827802128992,0.18225287827725717,0.0,0.1063,193,임박도=0.044 | 학생유입=0.017 | 수용여석=0.015 | 외곽성=0.030
대전관저초등학교,초,서구,관저1동,331,36.3065734,127.3398901,0.0,0.0,331,4535.968488356692,825.8806385482643,0,,0.0,0.0,0.2028804007514089,0.36720217304618985,0.0,0.1063,193,임박도=0.000 | 학생유입=0.000 | 수용여석=0.045 | 외곽성=0.061
대전둔원초등학교,초,서구,,540,36.3436193,127.3742794,0.0,0.0,540,2278.3847064035385,1636.6804179202088,0,,0.0,0.0,0.3337507827175955,0.1818332635106259,0.0,0.1045,195,임박도=0.000 | 학생유입=0.000 | 수용여석=0.074 | 외곽성=0.030
대전상지초등학교,초,유성구,노은1동,466,36.3753649,127.3221130,0.0,0.0,466,3009.448318658727,2088.975157161003,0,,0.0,0.0,0.28741390106449594,0.2418604774232065,0.0,0.1042,196,임박도=0.000 | 학생유입=0.000 | 수용여석=0.064 | 외곽성=0.040
대전문정초등학교,초,서구,둔산3동,460,36.3505437,127.3958379,0.0,0.0,460,2995.62236445784,584.9765270986469,0,,0.0,0.0,0.2836568566061365,0.2407252362534237,0.0,0.1032,197,임박도=0.000 | 학생유입=0.000 | 수용여석=0.063 | 외곽성=0.040
대전대룡초등학교,초,동구,용운동,267,36.3299141,127.4558657,0.5,398.34,267,771.6072438231075,1878.909119905017,1,대동4·8(3_사업시행),0.09433962264150944,0.09071531051444967,0.1628052598622417,0.05811263024595344,0.0,0.1025,198,임박도=0.031 | 학생유입=0.025 | 수용여석=0.036 | 외곽성=0.010
대전대암초등학교,초,동구,판암2동,91,36.3234310,127.4571693,0.6000000000000001,537.8399999999999,91,1435.5298333510398,2009.4075959640531,3,판암2(5_초기); 판암6(5_초기); 신흥동5(5_초기),0.11320754716981134,0.12248411559745846,0.052598622417031934,0.11262693329004501,0.0,0.1022,199,임박도=0.038 | 학생유입=0.034 | 수용여석=0.012 | 외곽성=0.019
대전산성초등학교,초,중구,산성동,327,36.2990113,127.3854134,0.0,0.0,327,4107.003392618204,1484.7805888613732,0,,0.0,0.0,0.20037570444583594,0.3319800950610848,0.0,0.0999,200,임박도=0.000 | 학생유입=0.000 | 수용여석=0.045 | 외곽성=0.055
대전만년중학교,중,서구,만년동,250,36.3670425,127.3759751,0.0,0.0,250,4733.1975805868315,514.0185033710642,0,,0.0,0.0,0.15216030056355667,0.38339654069165546,0.0,0.0977,201,임박도=0.000 | 학생유입=0.000 | 수용여석=0.034 | 외곽성=0.064
대전하기초등학교,초,유성구,노은2동,348,36.3885740,127.3215859,0.0,0.0,348,3636.8976696989994,2998.6060655167107,0,,0.0,0.0,0.21352536005009393,0.29337998377371144,0.0,0.0964,202,임박도=0.000 | 학생유입=0.000 | 수용여석=0.047 | 외곽성=0.049
학하초등학교,초,유성구,학하동,156,36.3343471,127.3122319,0.0,0.0,156,5510.441472501759,2920.632046971122,0,,0.0,0.0,0.09329993738259236,0.4472155908811458,0.0,0.0953,203,임박도=0.000 | 학생유입=0.000 | 수용여석=0.021 | 외곽성=0.075
산서초등학교,초,중구,산성동,57,36.2668849,127.4093374,0.0,0.0,57,6492.895236868142,5003.548271541778,0,,0.0,0.0,0.031308703819661866,0.5278843060028269,0.0,0.095,204,임박도=0.000 | 학생유입=0.000 | 수용여석=0.007 | 외곽성=0.088
대전용전중학교,중,대덕구,중리동,271,36.3567180,127.4252389,0.0,0.0,271,4272.225879983185,490.1887684613969,1,오정동1(9_미정),0.0,0.0,0.16530995616781466,0.34554641873794206,0.019622463077206276,0.0943,205,임박도=0.000 | 학생유입=0.000 | 수용여석=0.037 | 외곽성=0.058
대전둔산초등학교,초,서구,둔산2동,407,36.3499471,127.3814036,0.0,0.0,407,2785.9164959783116,699.2725363607767,0,,0.0,0.0,0.25046963055729493,0.22350640766597366,0.0,0.0929,206,임박도=0.000 | 학생유입=0.000 | 수용여석=0.056 | 외곽성=0.037
대전둔천초등학교,초,서구,만년동,194,36.3684922,127.3740023,0.0,0.0,194,4924.107444863178,749.5700748050232,0,,0.0,0.0,0.11709455228553538,0.399072040154126,0.0,0.0925,207,임박도=0.000 | 학생유입=0.000 | 수용여석=0.026 | 외곽성=0.067
대전문지중학교,중,유성구,전민동,190,36.3968298,127.3990807,0.0,0.0,190,4948.474697879259,2399.7298754589174,0,,0.0,0.0,0.11458985597996243,0.40107282132383315,0.0,0.0923,208,임박도=0.000 | 학생유입=0.000 | 수용여석=0.025 | 외곽성=0.067
대전원앙초등학교,초,서구,관저1동,224,36.3114556,127.3378000,0.0,0.0,224,4495.351172253126,794.7883493219641,0,,0.0,0.0,0.1358797745773325,0.36386710851632975,0.0,0.0908,209,임박도=0.000 | 학생유입=0.000 | 수용여석=0.030 | 외곽성=0.061
대전봉산초등학교,초,서구,갈마1동,368,36.3451704,127.3659116,0.0,0.0,368,2817.849171161764,1850.3564210470706,0,,0.0,0.0,0.22604884157795868,0.22612838131081833,0.0,0.0879,210,임박도=0.000 | 학생유입=0.000 | 수용여석=0.050 | 외곽성=0.038
덕송초등학교,초,유성구,학하동,157,36.3611802,127.3019117,0.0,0.0,157,4861.996767007505,3649.1021178220167,0,,0.0,0.0,0.09392611145898559,0.3939721680179699,0.0,0.0865,211,임박도=0.000 | 학생유입=0.000 | 수용여석=0.021 | 외곽성=0.066
가수원초등학교,초,서구,가수원동,258,36.3031409,127.3533137,0.0,0.0,258,3737.606024656113,461.3037268199327,0,,0.0,0.0,0.15716969317470256,0.3016490890395943,0.0773925463601346,0.0852,212,임박도=0.000 | 학생유입=0.000 | 수용여석=0.035 | 외곽성=0.050
대전만년초등학교,초,서구,만년동,159,36.3671306,127.3773117,0.0,0.0,159,4723.825427050919,421.0646792968085,0,,0.0,0.0,0.09517845961177207,0.38262699854006854,0.15787064140638296,0.0849,213,임박도=0.000 | 학생유입=0.000 | 수용여석=0.021 | 외곽성=0.064
대전갈마초등학교,초,서구,갈마1동,233,36.3559583,127.3693227,0.0,0.0,233,3710.9467634563184,1235.4078501358474,0,,0.0,0.0,0.14151534126487164,0.2994601123924666,0.0,0.0814,214,임박도=0.000 | 학생유입=0.000 | 수용여석=0.031 | 외곽성=0.050
대전용운초등학교,초,동구,용운동,442,36.3262366,127.4637546,0.0,0.0,442,1571.2400452971556,2566.530022577389,0,,0.0,0.0,0.27238572323105825,0.12377002095854678,0.0,0.0812,215,임박도=0.000 | 학생유입=0.000 | 수용여석=0.061 | 외곽성=0.021
대전남선중학교,중,서구,월평2동,160,36.3632381,127.3723060,0.0,0.0,160,4391.711090038649,790.0582347888474,0,,0.0,0.0,0.09580463368816532,0.3553572808067894,0.0,0.0805,216,임박도=0.000 | 학생유입=0.000 | 수용여석=0.021 | 외곽성=0.059
오정중학교,중,대덕구,오정동,92,36.3510997,127.4078997,0.0,0.0,92,4988.995820345709,626.6978484067308,0,,0.0,0.0,0.053224796493425174,0.40439998744931993,0.0,0.0792,217,임박도=0.000 | 학생유입=0.000 | 수용여석=0.012 | 외곽성=0.067
대전원신흥초등학교,초,유성구,원신흥동,243,36.3409794,127.3425185,0.0,0.0,243,3408.2395035539344,188.66959326721397,0,,0.0,0.0,0.14777708202880402,0.2746049928947275,0.622660813465572,0.0786,218,임박도=0.000 | 학생유입=0.000 | 수용여석=0.033 | 외곽성=0.046
대전자운중학교,중,유성구,신성동,98,36.4118922,127.3382419,0.0,0.0,98,4883.763432394207,4860.053191803899,0,,0.0,0.0,0.056981840951784594,0.3957594164289536,0.0,0.0786,218,임박도=0.000 | 학생유입=0.000 | 수용여석=0.013 | 외곽성=0.066
대전용운중학교,중,동구,용운동,405,36.3253321,127.4650305,0.0,0.0,405,1723.3005919003588,2685.157548021833,0,,0.0,0.0,0.24921728240450847,0.1362556252282724,0.0,0.0781,220,임박도=0.000 | 학생유입=0.000 | 수용여석=0.055 | 외곽성=0.023
대전월평중학교,중,서구,월평1동,197,36.3565812,127.3678135,0.0,0.0,197,3827.5079335098403,1176.8694437834397,0,,0.0,0.0,0.11897307451471509,0.3090308832137903,0.0,0.078,221,임박도=0.000 | 학생유입=0.000 | 수용여석=0.026 | 외곽성=0.052
대전어은초등학교,초,유성구,온천2동,510,36.3648963,127.3536946,0.0,0.0,510,578.0960980759104,622.6744106636536,0,,0.0,0.0,0.3149655604257984,0.04222354105383421,0.0,0.077,222,임박도=0.000 | 학생유입=0.000 | 수용여석=0.070 | 외곽성=0.007
대전어은중학교,중,유성구,온천2동,505,36.3656666,127.3528190,0.0,0.0,505,518.9618461576964,725.2440066546764,0,,0.0,0.0,0.3118346900438322,0.037368061544321984,0.0,0.0755,223,임박도=0.000 | 학생유입=0.000 | 수용여석=0.069 | 외곽성=0.006
금성초등학교,초,유성구,신성동,338,36.3893002,127.3500818,0.0,0.0,338,2185.7919571035322,2312.977884242943,0,,0.0,0.0,0.20726361928616155,0.17423052597067393,0.0,0.0751,224,임박도=0.000 | 학생유입=0.000 | 수용여석=0.046 | 외곽성=0.029
새일초등학교,초,대덕구,덕암동,149,36.4317546,127.4195224,0.0,0.0,149,4077.1320466944244,3097.1027590161693,0,,0.0,0.0,0.08891671884783969,0.3295273759795098,0.0,0.0747,225,임박도=0.000 | 학생유입=0.000 | 수용여석=0.020 | 외곽성=0.055
대전정림중학교,중,서구,정림동,138,36.2935839,127.3609965,0.0,0.0,138,4097.15447620464,836.5842897728259,0,,0.0,0.0,0.08202880400751408,0.33117140618305346,0.0,0.0734,226,임박도=0.000 | 학생유입=0.000 | 수용여석=0.018 | 외곽성=0.055
가수원중학교,중,서구,가수원동,143,36.2982823,127.3548124,0.0,0.0,143,4015.8021749275513,265.4321426635651,0,,0.0,0.0,0.08515967438948027,0.3244916153834864,0.46913571467286974,0.073,227,임박도=0.000 | 학생유입=0.000 | 수용여석=0.019 | 외곽성=0.054
동명초등학교,초,동구,대청동,46,36.3741217,127.4742921,0.0,0.0,46,4856.032187734834,3629.8380219014352,0,,0.0,0.0,0.024420788979336257,0.3934824198347787,0.0,0.071,228,임박도=0.000 | 학생유입=0.000 | 수용여석=0.005 | 외곽성=0.066
대전월평초등학교,초,서구,월평1동,110,36.3557995,127.3581040,0.0,0.0,110,4182.911795884826,479.29066578619285,0,,0.0,0.0,0.06449592986850344,0.338212890517272,0.041418668427614325,0.0707,229,임박도=0.000 | 학생유입=0.000 | 수용여석=0.014 | 외곽성=0.056
대전체육중학교,중,유성구,원신흥동,135,36.3362651,127.3423687,0.0,0.0,135,3909.7872700439534,507.52135900969694,0,,0.0,0.0,0.08015028177833437,0.31578679234662566,0.0,0.0705,230,임박도=0.000 | 학생유입=0.000 | 수용여석=0.018 | 외곽성=0.053
대전수정초등학교,초,유성구,노은1동,146,36.3661138,127.3134568,0.0,0.0,146,3751.5720788993576,2723.8789838356142,0,,0.0,0.0,0.08703819661865998,0.302795833743503,0.0,0.0698,231,임박도=0.000 | 학생유입=0.000 | 수용여석=0.019 | 외곽성=0.050
동신중학교,중,동구,판암2동,71,36.3200355,127.4596430,0.4,124.08000000000001,71,1871.9660484079593,2229.8496352658094,2,판암2(5_초기); 판암6(5_초기),0.07547169811320756,0.028257156521145042,0.040075140889167186,0.14846246059744697,0.0,0.0667,232,임박도=0.025 | 학생유입=0.008 | 수용여석=0.009 | 외곽성=0.025
대전송림초등학교,초,유성구,노은2동,184,36.3888958,127.3323062,0.0,0.0,184,2921.6952884877364,2502.6940959050567,0,,0.0,0.0,0.110832811521603,0.23465512644519546,0.0,0.0637,233,임박도=0.000 | 학생유입=0.000 | 수용여석=0.025 | 외곽성=0.039
성덕중학교,중,유성구,신성동,257,36.3866583,127.3448873,0.0,0.0,257,2058.4014800499035,2039.1202785279006,0,,0.0,0.0,0.15654351909830932,0.1637705669625451,0.0,0.0621,234,임박도=0.000 | 학생유입=0.000 | 수용여석=0.035 | 외곽성=0.027
대전성천초등학교,초,서구,월평2동,29,36.3631631,127.3734766,0.0,0.0,29,4357.562716031079,689.6556075538515,0,,0.0,0.0,0.013775829680651221,0.3525533774022746,0.0,0.0618,235,임박도=0.000 | 학생유입=0.000 | 수용여석=0.003 | 외곽성=0.059
대전수미초등학교,초,서구,정림동,61,36.2953352,127.3615389,0.0,0.0,61,3906.7872007191895,823.0666989179342,0,,0.0,0.0,0.033813400125234816,0.31554045837501044,0.0,0.0601,236,임박도=0.000 | 학생유입=0.000 | 수용여석=0.008 | 외곽성=0.053
세천초등학교,초,동구,대청동,47,36.3415266,127.4937835,0.0,0.0,47,3995.316923787075,4248.596607933325,0,,0.0,0.0,0.025046963055729492,0.3228095831613259,0.0,0.0594,237,임박도=0.000 | 학생유입=0.000 | 수용여석=0.006 | 외곽성=0.054
대덕초등학교도룡분교장,초,유성구,신성동,60,36.3787207,127.3913403,0.0,0.0,60,3400.216982490957,1024.606904487872,0,,0.0,0.0,0.03318722604884158,0.2739462682914334,0.0,0.053,238,임박도=0.000 | 학생유입=0.000 | 수용여석=0.007 | 외곽성=0.046
갈마중학교,중,서구,갈마1동,63,36.3474707,127.3646118,0.0,0.0,63,3091.967801739668,1572.1467528673825,0,,0.0,0.0,0.03506574827802129,0.2486361048512697,0.0,0.0492,239,임박도=0.000 | 학생유입=0.000 | 수용여석=0.008 | 외곽성=0.041
장동초등학교,초,대덕구,회덕동,38,36.4148625,127.4358274,0.0,0.0,38,2620.699580640166,1579.84974457391,0,,0.0,0.0,0.019411396368190358,0.20994054150504413,0.0,0.0393,240,임박도=0.000 | 학생유입=0.000 | 수용여석=0.004 | 외곽성=0.035
와동초등학교,초,대덕구,회덕동,170,36.3971876,127.4222878,0.05,0.0,170,317.7583044515491,787.399766819692,2,연축주공(9_미정); 신대주공(6_입안),0.009433962264150945,0.0,0.10206637445209768,0.020847354131862457,0.0,0.0293,241,임박도=0.003 | 학생유입=0.000 | 수용여석=0.023 | 외곽성=0.003
회덕중학교,중,대덕구,회덕동,111,36.4009441,127.4256826,0.05,0.0,111,833.297131182662,371.7787118292827,2,연축주공(9_미정); 신대주공(6_입안),0.009433962264150945,0.0,0.06512210394489668,0.06317795151581082,0.2564425763414345,0.0281,242,임박도=0.003 | 학생유입=0.000 | 수용여석=0.014 | 외곽성=0.011
봉암초등학교,초,유성구,온천2동,37,36.3640974,127.3476616,0.0,0.0,37,928.4642517523633,586.181199002124,0,,0.0,0.0,0.01878522229179712,0.07099206920422851,0.0,0.016,243,임박도=0.000 | 학생유입=0.000 | 수용여석=0.004 | 외곽성=0.012
