연번,구분,구,구역명,유형,주소,면적_m2,세대수,추진현황,추진일자,촉진지구,추진지구,비고,상태,단계_순서,통학영향_임박도,전체주소,lat,lon,지오코딩방식,오류,slope_point,slope_300m_mean,slope_300m_max,slope_500m_mean,slope_500m_max
1,재개발,동구,대동4·8,,대동 405-7,137835.8,2213.0,사업시행인가,24.12.13.,False,,,진행,5,3_사업시행,대전광역시 동구 대동 405-7,36.33241970494448,127.44683255875064,parcel,,1.9664485454559326,3.3868377208709717,19.920305252075195,5.018401145935059,36.39989471435547
2,재개발,동구,성남동1,,성남동 1-97,66097.1,1213.0,착공,24.02.20.,False,,,진행,7,1_공사중,대전광역시 동구 성남동 1-97,36.34535246939657,127.43709783272936,parcel,,3.3941965103149414,3.35891056060791,18.18854522705078,2.76831316947937,23.470922470092773
3,재개발,동구,성남동3,,성남동 35-5,159786.9,2856.0,조합설립인가,21.01.26.,False,,,진행,4,4_조합설립,대전광역시 동구 성남동 35-5,36.34327922153284,127.43739161430597,parcel,,2.396742343902588,2.755127429962158,18.743396759033203,2.6281650066375732,23.62359046936035
4,재개발,동구,중앙1,,소제동 299-264,23362.0,558.0,관리처분인가,24.02.21.,True,대전역세권,,진행,6,2_관리처분,대전광역시 동구 소제동 299-264,36.33549908055126,127.43559877905928,parcel,,5.387263774871826,3.7568726539611816,43.146888732910156,3.5230767726898193,43.146888732910156
5,재개발,동구,대전역복합2,,소제동 291-1,101772.0,1184.0,사업시행인가,24.03.19.,True,대전역세권,,진행,5,3_사업시행,대전광역시 동구 소제동 291-1,36.33377495856742,127.43682584310002,parcel,,0.608642041683197,2.357102394104004,35.65131378173828,3.5893094539642334,43.146888732910156
6,재개발,동구,대전역복합3,,정동 1-208,35490.0,,준공,19.04.18.,True,대전역세권,,완료,8,0_완료,대전광역시 동구 정동 1-208,36.3355609840621,127.4316881172236,parcel,,8.89665699005127,2.6478841304779053,43.146888732910156,2.231816291809082,43.146888732910156
7,재개발,동구,대전역삼성4,,삼성동 80-100,139056.0,1350.0,관리처분인가,24.12.18.,True,대전역세권,,진행,6,2_관리처분,대전광역시 동구 삼성동 80-100,36.338067756066415,127.43592776843666,parcel,,2.009277105331421,4.380086421966553,43.146888732910156,3.3633673191070557,43.146888732910156
8,재개발,동구,신안1,,신안동 281-12,41184.0,774.0,추진위원회,22.04.11.,True,대전역세권,,진행,3,5_초기,대전광역시 동구 신안동 281-12,36.32947678001551,127.43780318302224,parcel,,1.0016863346099854,1.8207851648330688,19.93021011352539,2.176330089569092,35.65131378173828
9,재개발,동구,삼성1,,삼성동 279-1,73390.0,1523.0,사업시행인가,25.02.14.,False,,,진행,5,3_사업시행,대전광역시 동구 삼성동 279-1,36.33445569889363,127.42515152583763,parcel,,0.3222494125366211,1.8307796716690063,14.110204696655273,1.7430769205093384,15.509432792663574
10,재개발,동구,삼성3,,삼성동 361-3,126526.8,1880.0,추진위원회,22.04.11.,False,,,진행,3,5_초기,대전광역시 동구 삼성동 361-3,36.34048954385163,127.42050187903732,parcel,,0.4740448296070099,1.349645972251892,14.248759269714355,1.5722644329071045,15.988585472106934
11,재개발,동구,삼성5,,삼성동 387-7,74700.7,1134.0,조합설립인가,23.03.28.,False,,,진행,4,4_조합설립,대전광역시 동구 삼성동 387-7,36.34341617694223,127.41725378330176,parcel,,0.8769822716712952,1.304582118988037,9.440583229064941,1.7406569719314575,16.313533782958984
12,재개발,동구,삼성6,,삼성동 295-2,14995.0,334.0,조합설립인가,24.03.18.,False,,,진행,4,4_조합설립,대전광역시 동구 삼성동 295-2,36.33891455097592,127.42978227451826,parcel,,0.23883432149887085,2.586892604827881,20.926284790039062,2.966648817062378,43.146888732910156
13,재개발,동구,삼성7,,삼성동 373-7,60115.0,879.0,추진위원회,24.12.30.,False,,,진행,3,5_초기,대전광역시 동구 삼성동 373-7,36.343493785856055,127.4197734260697,parcel,,0.8449962735176086,1.3146589994430542,12.690521240234375,1.5328657627105713,17.019651412963867
14,재개발,동구,가양동1,,가양동 176-14,107468.0,1546.0,조합설립인가,23.12.28.,False,,,진행,4,4_조합설립,대전광역시 동구 가양동 176-14,36.34195231442372,127.4460932455373,parcel,,4.996368408203125,3.6135470867156982,15.291732788085938,2.9679267406463623,21.251222610473633
15,재개발,동구,자양동2,,자양동 209,63567.0,1004.0,조합설립인가,25.08.01.,False,,,진행,4,4_조합설립,대전광역시 동구 자양동 209,36.34269016989132,127.45018585943026,parcel,,3.7649648189544678,3.994241237640381,33.24183654785156,5.654207229614258,36.340476989746094
16,재개발,동구,판암2,,판암동 385-1,28810.0,514.0,추진위원회,25.03.24.,False,,,진행,3,5_초기,대전광역시 동구 판암동 385-1,36.31490474836225,127.45760236348012,parcel,,3.716779947280884,5.159597873687744,32.94025421142578,6.715857982635498,33.58967208862305
17,재개발,동구,판암6,,판암동 565-1,73742.0,1037.0,추진위원회,24.09.13.,True,신흥,,진행,3,5_초기,대전광역시 동구 판암동 565-1,36.32025217816543,127.45115109912544,parcel,,2.977344036102295,10.017975807189941,40.93840026855469,11.056675910949707,40.93840026855469
18,재개발,동구,신흥동5,,신흥동 23-1,92493.0,1437.0,구역지정,26.03.24.,True,신흥,,진행,2,5_초기,대전광역시 동구 신흥동 23-1,36.32163337104869,127.44791896357498,parcel,,1.1724046468734741,5.450509071350098,31.71403694152832,7.428564071655273,43.83149719238281
19,재개발,중구,선화,,선화동 339-55,52737.3,997.0,준공,25.04.29.,True,선화·용두,,완료,8,0_완료,대전광역시 중구 선화동 339-55,36.32855233187327,127.41466010264712,parcel,,5.0943922996521,5.255221843719482,28.200761795043945,4.52260684967041,33.76036071777344
20,재개발,중구,선화B,,선화동 207-16,46384.9,862.0,준공,24.02.28.,True,선화·용두,,완료,8,0_완료,대전광역시 중구 선화동 207-16,,,실패,"parcel=NOT_FOUND, road=NOT_FOUND",,,,,
21,재개발,중구,용두동3,,용두동 53-31,106584.0,1991.0,조합설립인가,24.06.07.,True,선화·용두,,진행,4,4_조합설립,대전광역시 중구 용두동 53-31,36.32753513468843,127.41263572244566,parcel,,8.338130950927734,5.356274127960205,27.961688995361328,4.442318439483643,33.76036071777344
22,재개발,중구,대사동1,,대사동 167-4,64661.0,1080.0,사업시행인가,23.06.30.,False,,,진행,5,3_사업시행,대전광역시 중구 대사동 167-4,36.31438914733353,127.42686262454704,parcel,,7.374629497528076,7.917625904083252,34.70343017578125,9.341203689575195,43.45695495605469
23,재개발,중구,대사동3,,대사동 250-14,37103.0,,,,False,,,진행,0,9_미정,대전광역시 중구 대사동 250-14,36.31697239857333,127.4189047605795,parcel,,4.401834487915039,9.056473731994629,39.42262649536133,10.363531112670898,39.6485481262207
24,재개발,중구,대사동4,,대사동 78-10,20758.0,,,,False,,,진행,0,9_미정,대전광역시 중구 대사동 78-10,36.31435310230111,127.4220358880048,road,,13.903651237487793,18.04123306274414,43.45695495605469,15.402191162109375,44.42934036254883
25,재개발,중구,대흥동1,,대흥동 112-9,55878.0,862.0,조합설립인가,20.10.26.,False,,,진행,4,4_조합설립,대전광역시 중구 대흥동 112-9,36.31879249588802,127.42427138700532,parcel,,3.758115291595459,7.324310302734375,34.955108642578125,5.87579870223999,38.331851959228516
26,재개발,중구,대흥2,,대흥동 385-15,59688.0,1278.0,착공,24.07.01.,False,,,진행,7,1_공사중,대전광역시 중구 대흥동 385-15,36.32055552723618,127.427094919429,parcel,,2.7359395027160645,1.7643190622329712,15.414071083068848,2.6094653606414795,33.15980911254883
27,재개발,중구,대흥4,,대흥동 260-9,51054.0,909.0,관리처분인가,24.12.31.,False,,,진행,6,2_관리처분,대전광역시 중구 대흥동 260-9,,,실패,"parcel=NOT_FOUND, road=NOT_FOUND",,,,,
28,재개발,중구,문화동5,,문화동 284-46,12121.0,,,,False,,,진행,0,9_미정,대전광역시 중구 문화동 284-46,36.31401736468892,127.40518540404972,parcel,,3.091780424118042,3.413538694381714,22.633901596069336,2.6905617713928223,22.633901596069336
29,재개발,중구,문화동7,,문화동 372-13,24268.0,,,,False,,,진행,0,9_미정,대전광역시 중구 문화동 372-13,36.31458001186204,127.40402046366935,parcel,,1.767768144607544,2.602393388748169,19.890581130981445,2.455146312713623,22.633901596069336
30,재개발,중구,문화동8,,문화동 435-42,100589.3,1746.0,착공,24.04.05.,False,,,진행,7,1_공사중,대전광역시 중구 문화동 435-42,36.31051104105946,127.40598300577388,parcel,,6.6888041496276855,4.183784008026123,21.591350555419922,5.13668966293335,34.58741760253906
31,재개발,중구,문화2,,문화동 330,39287.0,749.0,착공,23.03.,False,,,진행,7,1_공사중,대전광역시 중구 문화동 330,36.31734389995247,127.40470976509502,parcel,,0.26831817626953125,1.5316476821899414,9.129496574401855,1.7823371887207031,22.633901596069336
32,재개발,중구,부사동4,,부사동 244-3,55795.0,826.0,사업시행인가,24.11.08.,False,,,진행,5,3_사업시행,대전광역시 중구 부사동 244-3,36.31320104090332,127.42938336326525,parcel,,13.06134033203125,6.17082405090332,33.901824951171875,7.910024642944336,41.096595764160156
33,재개발,중구,부사동5,,부사동 424-35,40261.0,,,,False,,,진행,0,9_미정,대전광역시 중구 부사동 424-35,36.30961950658321,127.43039559584778,parcel,,13.097265243530273,15.66528606414795,45.239864349365234,15.650321960449219,45.239864349365234
34,재개발,중구,산성동1,,산성동 109-1,53153.0,968.0,조합설립인가,25.03.27.,False,,,진행,4,4_조합설립,대전광역시 중구 산성동 109-1,36.310213048352765,127.39496242656682,parcel,,1.5615382194519043,1.275088906288147,8.246352195739746,1.5655473470687866,12.815434455871582
35,재개발,중구,산성동2,,산성동 133-24,93991.7,1665.0,사업시행인가,25.12.19.,False,,,진행,5,3_사업시행,대전광역시 중구 산성동 133-24,36.31134709846114,127.39101857909044,parcel,,0.15233363211154938,1.058693766593933,5.80925989151001,1.4238706827163696,20.033037185668945
36,재개발,중구,옥계동2,,옥계동 173-168,110402.6,1508.0,조합설립인가,22.08.10.,False,,,진행,4,4_조합설립,대전광역시 중구 옥계동 173-168,36.29619269074302,127.45308265897708,parcel,,6.526059150695801,10.721393585205078,45.02190399169922,10.959404945373535,45.588050842285156
37,재개발,중구,용두동1,,용두동 167-9,22166.0,474.0,준공,24.07.30.,False,,,완료,8,0_완료,대전광역시 중구 용두동 167-9,,,실패,"parcel=NOT_FOUND, road=NOT_FOUND",,,,,
38,재개발,중구,용두동2,,용두동 182-72,42440.0,794.0,관리처분인가,23.06.30.,False,,,진행,6,2_관리처분,대전광역시 중구 용두동 182-72,36.33493287980316,127.40225464318948,parcel,,14.904794692993164,5.243574142456055,40.49053192138672,4.373985767364502,40.99125671386719
39,재개발,중구,태평동2,,태평동 263-5,38588.0,667.0,조합설립인가,21.03.18.,False,,,진행,4,4_조합설립,대전광역시 중구 태평동 263-5,36.32583816710435,127.4012792305835,parcel,,1.8289886713027954,1.8361403942108154,25.61032485961914,1.4202451705932617,25.61032485961914
40,재개발,중구,선화1,,선화동 235-35,55158.0,1340.0,구역지정,14.03.07.,False,,,진행,2,5_초기,대전광역시 중구 선화동 235-35,,,실패,"parcel=NOT_FOUND, road=NOT_FOUND",,,,,
41,재개발,중구,선화1-A,,선화동 63,28810.0,602.0,추진위원회,08.04.17.,False,,,진행,3,5_초기,대전광역시 중구 선화동 63,36.32835688372036,127.4242815981858,parcel,,0.6709215641021729,1.2074058055877686,6.079080581665039,1.5393402576446533,20.916297912597656
42,재개발,중구,선화2,,선화동 136-2,59311.9,1536.0,관리처분인가,22.05.11.,False,,,진행,6,2_관리처분,대전광역시 중구 선화동 136-2,36.33227746143966,127.42051577199015,parcel,,4.683926582336426,1.4540586471557617,11.681917190551758,1.90213942527771,23.63678741455078
43,재개발,중구,은행1,,은행동 1-1,83119.7,2580.0,사업시행인가,25.03.12.,False,,,진행,5,3_사업시행,대전광역시 중구 은행동 1-1,36.33234167721457,127.4249628295571,parcel,,2.56823468208313,1.8168461322784424,14.110204696655273,1.622188687324524,17.790407180786133
44,재개발,중구,오류동1,,오류동 179-2,18370.0,312.0,사업시행인가,25.04.21.,False,,,진행,5,3_사업시행,대전광역시 중구 오류동 179-2,36.32620587586574,127.40361697390097,parcel,,2.2208189964294434,1.8695523738861084,25.61032485961914,1.6408239603042603,33.98106002807617
45,재개발,중구,유천동1,,유천동 127-27,98048.0,1550.0,구역지정,25.02.27.,False,,,진행,2,5_초기,대전광역시 중구 유천동 127-27,36.31845942541152,127.40231436671776,parcel,,0.27798140048980713,1.077659010887146,8.256887435913086,1.1622421741485596,9.129496574401855
46,재개발,중구,유천동3,,유천동 276-1,95309.0,1588.0,조합설립인가,24.04.24.,False,,,진행,4,4_조합설립,대전광역시 중구 유천동 276-1,36.31309233359328,127.39502815277343,parcel,,0.3942709267139435,1.0506945848464966,5.542924404144287,1.1967641115188599,10.874256134033203
47,재개발,중구,호동,,호동 19-7,37057.9,644.0,조합설립인가,24.10.14.,False,,,진행,4,4_조합설립,대전광역시 중구 호동 19-7,36.30376261743067,127.44815768749336,parcel,,2.876725912094116,7.101279258728027,37.39244842529297,7.396231174468994,37.98299789428711
48,재개발,중구,문창동2,,문창동 5-1,85151.0,1306.0,조합설립인가,25.09.12.,False,,,진행,4,4_조합설립,대전광역시 중구 문창동 5-1,36.319164630858666,127.43512827072853,parcel,,1.7244223356246948,1.5239583253860474,13.268418312072754,1.3669568300247192,14.428974151611328
49,재개발,중구,문창석교1,,문창동 382-6,72796.3,1224.0,추진위원회,25.01.21.,False,,,진행,3,5_초기,대전광역시 중구 문창동 382-6,36.31280501255836,127.43735227141796,parcel,,0.36546269059181213,1.50684654712677,13.863292694091797,3.549269199371338,36.6474723815918
50,재개발,서구,도마·변동1,,가장동 38-1,105527.5,1779.0,착공,23.12.28.,True,도마·변동,,진행,7,1_공사중,대전광역시 서구 가장동 38-1,36.3296227136437,127.38317689934232,parcel,,1.0141711235046387,1.2440732717514038,7.929611682891846,1.4353160858154297,25.099151611328125
51,재개발,서구,도마·변동2,,변동 3-4,69677.6,1074.0,조합설립인가,22.11.11.,True,도마·변동,,진행,4,4_조합설립,대전광역시 서구 변동 3-4,36.3266876665669,127.38628206647084,parcel,,1.2826167345046997,1.8010746240615845,17.707687377929688,1.7299476861953735,17.707687377929688
52,재개발,서구,도마·변동3,,변동 9-4,192992.0,3404.0,관리처분인가,23.03.31.,True,도마·변동,,진행,6,2_관리처분,대전광역시 서구 변동 9-4,36.32610737237103,127.38358531420702,parcel,,0.36321693658828735,1.0972031354904175,8.00837230682373,1.5031721591949463,17.707687377929688
53,재개발,서구,도마·변동4,,변동 63-5,182001.0,3045.0,사업시행인가,24.12.05.,True,도마·변동,,진행,5,3_사업시행,대전광역시 서구 변동 63-5,36.323023752134,127.37970212884196,parcel,,0.8646737337112427,1.709982991218567,22.4487247467041,2.2841336727142334,35.6592903137207
54,재개발,서구,도마·변동5,,도마동 85-19,157548.0,2622.0,사업시행인가,24.04.30.,True,도마·변동,,진행,5,3_사업시행,대전광역시 서구 도마동 85-19,36.319720356479785,127.38271701011944,parcel,,0.649255633354187,1.624234914779663,13.69175910949707,1.7404788732528687,16.594615936279297
55,재개발,서구,도마·변동6,,도마동 86-66,28958.0,528.0,관리처분인가,25.03.17.,True,도마·변동,,진행,6,2_관리처분,대전광역시 서구 도마동 86-66,36.31821646945582,127.38300921514347,parcel,,0.5966277122497559,1.9879965782165527,16.594615936279297,1.8237268924713135,17.412879943847656
56,재개발,서구,도마·변동6-1,,도마동 96-26,68005.9,1110.0,조합설립인가,24.01.29.,True,도마·변동,,진행,4,4_조합설립,대전광역시 서구 도마동 96-26,36.31848581033596,127.37951297739276,parcel,,1.2230181694030762,1.4476691484451294,10.393830299377441,2.0339138507843018,19.143003463745117
57,재개발,서구,도마·변동8,,도마동 179-30,102743.0,1881.0,준공,22.07.28.,True,도마·변동,,완료,8,0_완료,대전광역시 서구 도마동 179-30,,,실패,"parcel=NOT_FOUND, road=NOT_FOUND",,,,,
58,재개발,서구,도마·변동9,,도마동 181-1,44014.0,818.0,착공,23.11.13.,True,도마·변동,,진행,7,1_공사중,대전광역시 서구 도마동 181-1,36.31168172764688,127.38264314432948,parcel,,1.7789716720581055,3.373196840286255,34.3160514831543,4.3819050788879395,50.12954330444336
59,재개발,서구,도마·변동11,,도마동 145-8,76129.0,1558.0,준공,26.01.07.,True,도마·변동,준공전 사용허가 25.01.22,완료,8,0_완료,대전광역시 서구 도마동 145-8,36.31419880402473,127.3784657234712,parcel,,1.041155219078064,2.3213844299316406,19.143003463745117,2.624664545059204,22.79281997680664
60,재개발,서구,도마·변동12,,도마동 165-1,99920.5,1593.0,사업시행인가,25.10.02.,True,도마·변동,,진행,5,3_사업시행,대전광역시 서구 도마동 165-1,36.31284140183206,127.37512823823336,parcel,,6.946855545043945,4.052514553070068,20.089191436767578,4.422013282775879,35.49541091918945
61,재개발,서구,도마·변동13,,도마동 317-139,178571.0,2603.0,사업시행인가,26.02.05.,True,도마·변동,,진행,5,3_사업시행,대전광역시 서구 도마동 317-139,36.31334381544719,127.36985482943118,parcel,,1.9125921726226807,9.678574562072754,35.49541091918945,9.594318389892578,37.00661087036133
62,재개발,서구,도마·변동16,,도마동 68-1,125230.0,1962.0,조합설립인가,24.02.14.,True,도마·변동,,진행,4,4_조합설립,대전광역시 서구 도마동 68-1,36.32138201823705,127.37677399500885,parcel,,0.4772557318210602,2.7666001319885254,22.4487247467041,3.356982469558716,35.6592903137207
63,재개발,서구,복수동2,,복수동 283-256,61647.4,890.0,관리처분인가,25.11.19.,False,,,진행,6,2_관리처분,대전광역시 서구 복수동 283-256,36.31013426876961,127.37613808400772,parcel,,4.861303806304932,4.763672351837158,28.249370574951172,5.387357711791992,36.27693176269531
64,재개발,서구,변동A,,변동 28-41,162777.4,2913.0,조합설립인가,24.10.25.,False,,,진행,4,4_조합설립,대전광역시 서구 변동 28-41,36.32798974757288,127.37806181682252,parcel,,1.3555101156234741,3.082329750061035,37.53588104248047,3.796247720718384,46.15024948120117
65,재개발,서구,내동1,,내동 27-3,36661.0,631.0,구역지정,26.01.08.,False,,,진행,2,5_초기,대전광역시 서구 내동 27-3,36.33152036948202,127.3734220668609,parcel,,1.6780164241790771,6.113664150238037,33.7825927734375,5.126535892486572,38.88054275512695
66,재개발,서구,내동2,,내동 39-1,122768.0,1943.0,조합설립인가,26.03.23.,False,,,진행,4,4_조합설립,대전광역시 서구 내동 39-1,36.33432345714266,127.37736383949654,parcel,,2.108898401260376,3.7649590969085693,25.099151611328125,3.7321226596832275,31.89601707458496
67,재개발,서구,정림동1,,정림동 16-34,25916.0,549.0,추진위원회,25.12.09.,False,,,진행,3,5_초기,대전광역시 서구 정림동 16-34,36.30774883074877,127.36807132654609,parcel,,3.149930238723755,7.363267421722412,42.44059371948242,7.565362453460693,43.602298736572266
68,재개발,유성구,장대A,,장대동 265-1,58710.0,945.0,추진위원회,22.12.08.,True,유성시장,,진행,3,5_초기,대전광역시 유성구 장대동 265-1,36.35967443893168,127.33243062329092,parcel,,0.35424304008483887,2.960127830505371,24.30426597595215,3.3314003944396973,30.88945960998535
69,재개발,유성구,장대B,,장대동 14-5,97028.0,2703.0,관리처분인가,25.08.07.,True,유성시장,,진행,6,2_관리처분,대전광역시 유성구 장대동 14-5,36.35770375770799,127.33590440645943,parcel,,0.5731825232505798,1.8935351371765137,20.514934539794922,1.807237982749939,20.514934539794922
70,재개발,유성구,장대C,,장대동 283-10,47066.0,1439.0,구역지정,22.05.26.,True,유성시장,,진행,2,5_초기,대전광역시 유성구 장대동 283-10,36.35800329325312,127.33697721970807,parcel,,0.8481048941612244,1.895890712738037,20.514934539794922,1.7749252319335938,20.514934539794922
71,재개발,대덕구,대화동1,,대화동 16-155,83301.0,1660.0,관리처분인가,24.04.08.,False,,,진행,6,2_관리처분,대전광역시 대덕구 대화동 16-155,36.36491006420478,127.4174796350934,parcel,,1.413499116897583,5.035842418670654,41.44142532348633,5.358667850494385,52.37895965576172
72,재개발,대덕구,대화동2,,대화동 241-11,57936.0,1375.0,사업시행인가,20.06.01.,False,,,진행,5,3_사업시행,대전광역시 대덕구 대화동 241-11,36.36451234910293,127.41211980040538,parcel,,5.3321213722229,6.077654838562012,38.15839385986328,6.958752155303955,38.15839385986328
73,재개발,대덕구,대화동3,,대화동 35-370,92628.0,1593.0,추진위원회,25.10.30.,False,,,진행,3,5_초기,대전광역시 대덕구 대화동 35-370,36.36516856544247,127.41413473680302,parcel,,1.9290297031402588,6.325671195983887,31.030229568481445,6.281468868255615,52.37895965576172
74,재개발,대덕구,대화동4,,대화동 16-156,42771.0,851.0,조합설립인가,24.07.12.,False,,,진행,4,4_조합설립,대전광역시 대덕구 대화동 16-156,36.3664952525029,127.41748416368438,parcel,,0.572432279586792,4.762944221496582,26.781051635742188,4.6876702308654785,41.44142532348633
75,재개발,대덕구,오정동1,,오정동 172-3,16697.0,,,,False,,,진행,0,9_미정,대전광역시 대덕구 오정동 172-3,36.35138595586888,127.4207683044239,parcel,,7.130112171173096,3.9212534427642822,30.82232093811035,3.8559529781341553,32.33957290649414
76,재개발,대덕구,덕암동1,,덕암동 2-2,39882.0,734.0,추진위원회,24.06.20.,False,,,진행,3,5_초기,대전광역시 대덕구 덕암동 2-2,36.447015040687546,127.42089366737927,parcel,,0.9477830529212952,4.450042247772217,34.360633850097656,5.181982517242432,41.021697998046875
1,재개발_생활권,동구,가양동3,,가양동 84-10,81801.0,1470.0,입안제안,,False,,,진행,1,6_입안,대전광역시 동구 가양동 84-10,36.3481026059459,127.44802493058287,parcel,,2.757103204727173,3.016507387161255,21.077560424804688,3.604116678237915,24.75630760192871
2,재개발_생활권,동구,가양동8,,가양동 43-1,119872.0,1929.0,입안제안,,False,,,진행,1,6_입안,대전광역시 동구 가양동 43-1,36.35163081961424,127.45033875978756,parcel,,0.5963038802146912,4.07602596282959,22.15837287902832,4.416129112243652,33.165771484375
3,재개발_생활권,동구,홍도동3,,홍도동 64-2,41410.0,806.0,입안제안,,False,,전 홍도1,진행,1,6_입안,대전광역시 동구 홍도동 64-2,36.34583384628412,127.42938346961762,parcel,,0.8252347707748413,3.1712117195129395,23.300247192382812,3.316768169403076,32.33957290649414
4,재개발_생활권,중구,산성동3,,산성동 158-7,85195.0,1607.0,입안제안,,False,,,진행,1,6_입안,대전광역시 중구 산성동 158-7,36.30973841193486,127.38880567540944,parcel,,0.6513242125511169,1.6129354238510132,13.898111343383789,1.7668761014938354,20.033037185668945
5,재개발_생활권,중구,유천동2,,유천동 275-5,91208.0,1602.0,입안제안,,False,,,진행,1,6_입안,대전광역시 중구 유천동 275-5,36.31284815315122,127.39617522801112,parcel,,0.24277649819850922,1.0849806070327759,5.542924404144287,1.2639074325561523,12.815434455871582
6,재개발_생활권,중구,옥계동3,,옥계동 23-3,123330.0,1848.0,입안제안,,False,,,진행,1,6_입안,대전광역시 중구 옥계동 23-3,36.3012237493067,127.4506272556916,parcel,,2.909567356109619,6.317157745361328,37.97206497192383,8.191031455993652,45.02190399169922
7,재개발_생활권,중구,옥계동4,,옥계동 13-3,41588.0,728.0,입안제안,,False,,,진행,1,6_입안,대전광역시 중구 옥계동 13-3,36.30099548557692,127.4534902006372,parcel,,0.5843678116798401,2.7348885536193848,26.253896713256836,4.9662041664123535,45.02190399169922
8,재개발_생활권,중구,문화동10,,문화동 501-3,71627.0,1045.0,입안제안,,False,,,진행,1,6_입안,대전광역시 중구 문화동 501-3,36.30766723467539,127.40527220077075,parcel,,5.340460777282715,8.567389488220215,42.377986907958984,9.941776275634766,42.377986907958984
9,재개발_생활권,중구,석교동,,석교동 98-3,154954.0,2550.0,입안제안,,False,,,진행,1,6_입안,대전광역시 중구 석교동 98-3,36.307259484120905,127.44482122476722,parcel,,8.593378067016602,4.652084827423096,29.529218673706055,6.357079029083252,37.98299789428711
10,재개발_생활권,중구,유천동2(중복),,유천동 275-5,91208.0,1602.0,입안제안,,False,,원본에 5번과 동일하게 표기,진행,1,6_입안,대전광역시 중구 유천동 275-5,36.31284815315122,127.39617522801112,parcel,,0.24277649819850922,1.0849806070327759,5.542924404144287,1.2639074325561523,12.815434455871582
11,재개발_생활권,서구,변동B,,도마동 39-1,77663.0,1286.0,입안제안,,False,,,진행,1,6_입안,대전광역시 서구 도마동 39-1,36.3232327887844,127.37482639354532,parcel,,3.6708552837371826,5.273492813110352,41.609291076660156,4.891374111175537,46.15024948120117
12,재개발_생활권,서구,용문동4,,용문동 218-9,98045.0,1555.0,입안제안,,False,,,진행,1,6_입안,대전광역시 서구 용문동 218-9,36.341811910058986,127.40015018669168,parcel,,0.4916096031665802,3.90586256980896,60.07164764404297,4.123782157897949,60.07164764404297
13,재개발_생활권,서구,가장동1,,가장동 48-5,175611.0,2405.0,입안제안,,False,,,진행,1,6_입안,대전광역시 서구 가장동 48-5,36.33141946690324,127.38835636981128,parcel,,1.6097767353057861,1.1845402717590332,14.62974739074707,1.5227819681167603,16.80934715270996
14,재개발_생활권,서구,도마동1,,도마동 22-6,63380.0,1031.0,입안제안,,False,,,진행,1,6_입안,대전광역시 서구 도마동 22-6,36.32525589539282,127.37145752347338,parcel,,3.695465087890625,6.014371871948242,40.09370803833008,6.6106390953063965,46.15024948120117
15,재개발_생활권,대덕구,송촌동1,,송촌동 241-8,82792.0,1555.0,입안제안,,False,,,진행,1,6_입안,대전광역시 대덕구 송촌동 241-8,36.3564396025175,127.44129095425684,parcel,,5.024599552154541,5.807605266571045,30.02490234375,5.062933921813965,30.442882537841797
16,재개발_생활권,대덕구,신탄진동1,,신탄진동 170-8,55370.0,1144.0,입안제안,,False,,,진행,1,6_입안,대전광역시 대덕구 신탄진동 170-8,36.44659696309103,127.43109739862496,parcel,,3.050443410873413,3.742527484893799,23.593828201293945,4.3122687339782715,35.19583511352539
17,재개발_생활권,대덕구,비래동1,,비래동 556-20,49008.0,796.0,입안제안,,False,,,진행,1,6_입안,대전광역시 대덕구 비래동 556-20,36.3532594801903,127.44543956934942,parcel,,13.554020881652832,3.5325698852539062,15.509444236755371,3.4471216201782227,22.841442108154297
18,재개발_생활권,대덕구,비래동2,,비래동 116-2,70740.0,1245.0,입안제안,,False,,,진행,1,6_입안,대전광역시 대덕구 비래동 116-2,36.36011364075502,127.4504262970317,parcel,,4.970428943634033,5.1581220626831055,28.14592933654785,6.1313323974609375,35.72037887573242
19,재개발_생활권,대덕구,비래동3,,비래동 119-9,65747.0,1231.0,입안제안,,False,,,진행,1,6_입안,대전광역시 대덕구 비래동 119-9,36.35781351692791,127.4480281275385,parcel,,1.9171476364135742,2.9026379585266113,20.967872619628906,3.5884881019592285,30.442882537841797
1,재건축,동구,가양동5,단독,가양동 449-20,58766.0,1028.0,사업시행인가,25.09.05.,False,,,진행,5,3_사업시행,대전광역시 동구 가양동 449-20,36.347999160123166,127.43946382264528,parcel,,2.154020309448242,2.042435646057129,7.96899938583374,2.5734074115753174,24.75630760192871
2,재건축,동구,가양동7,공동,가양동 53-6,10096.0,224.0,착공,23.05.08.,False,,,진행,7,1_공사중,대전광역시 동구 가양동 53-6,36.349324384762966,127.45022007048756,parcel,,1.8599745035171509,3.476893424987793,22.87821388244629,4.248076438903809,28.452255249023438
3,재건축,동구,가오동1,공동,가오동 210,34137.0,700.0,사업시행인가,23.03.21.,False,,,진행,5,3_사업시행,대전광역시 동구 가오동 210,36.30703289529954,127.45293079042604,parcel,,0.6727895140647888,2.6390156745910645,25.7169189453125,4.204105854034424,39.67152786254883
4,재건축,동구,가오동2,공동,천동 60-4,44346.0,952.0,착공,24.06.05.,False,,,진행,7,1_공사중,대전광역시 동구 천동 60-4,36.30988826571581,127.44830640773252,parcel,,0.6870948672294617,10.096773147583008,44.415584564208984,8.847086906433105,44.415584564208984
5,재건축,동구,삼성동1,단독,삼성동 288-1,49189.0,722.0,사업시행인가,24.09.11.,False,,,진행,5,3_사업시행,대전광역시 동구 삼성동 288-1,36.33833673688527,127.42728464143642,parcel,,0.3221546411514282,2.02785062789917,17.312297821044922,2.0086252689361572,20.932518005371094
6,재건축,동구,홍도동2,공동,홍도동 57-5,23221.0,461.0,사업시행인가,24.10.11.,False,,,진행,5,3_사업시행,대전광역시 동구 홍도동 57-5,36.347332977733366,127.42805508713109,parcel,,4.359544277191162,3.254199743270874,32.33957290649414,3.318326234817505,32.33957290649414
7,재건축,중구,문화동2,공동,문화동 1-47,15914.0,,,,False,,,진행,0,9_미정,대전광역시 중구 문화동 1-47,36.31893615630149,127.40818129452666,parcel,,0.8553306460380554,1.3707666397094727,7.59208869934082,1.7495861053466797,19.68777847290039
8,재건축,중구,문화동6,공동,문화동 311-4,20774.0,502.0,구역지정,25.11.25.,False,,,진행,2,5_초기,대전광역시 중구 문화동 311-4,36.31924260360277,127.405301390886,parcel,,0.4371244013309479,1.130581021308899,8.256887435913086,1.2674715518951416,9.758806228637695
9,재건축,중구,중촌동1,공동,중촌동 21,36096.0,808.0,준공,25.02.28.,False,,,완료,8,0_완료,대전광역시 중구 중촌동 21,36.33945077841456,127.40870316308838,parcel,,1.274943470954895,3.5130515098571777,31.878498077392578,3.5132625102996826,40.99125671386719
10,재건축,중구,태평동3,공동,태평동 312-2,26297.0,702.0,입안제안,,False,,,진행,1,6_입안,대전광역시 중구 태평동 312-2,36.32325309471224,127.401618087658,parcel,,0.5634154081344604,1.2087504863739014,17.532699584960938,1.236027479171753,25.61032485961914
11,재건축,중구,태평동5,단독,태평동 365-9,160342.0,2267.0,관리처분인가,25.05.15.,False,,,진행,6,2_관리처분,대전광역시 중구 태평동 365-9,36.32906207019696,127.39554957440504,parcel,,2.239232301712036,1.5968586206436157,17.82693862915039,1.9014657735824585,18.871362686157227
12,재건축,중구,태평동6,공동,태평동 383-1,27700.0,,,,False,,,진행,0,9_미정,대전광역시 중구 태평동 383-1,36.32438314110424,127.39477732957296,parcel,,0.3687984347343445,0.7860062122344971,6.518473148345947,1.0097072124481201,15.390564918518066
13,재건축,중구,태평동7,공동,태평동 403-1,37818.0,,,,False,,,진행,0,9_미정,대전광역시 중구 태평동 403-1,36.32356252925895,127.39184015501442,parcel,,0.1774929016828537,0.847520112991333,15.390564918518066,1.2605035305023193,17.707687377929688
14,재건축,중구,태평동8,공동,태평동 407,35635.0,,,,False,,,진행,0,9_미정,대전광역시 중구 태평동 407,36.32495928907011,127.3912624379118,parcel,,0.1911213994026184,1.3283568620681763,15.390564918518066,1.537306308746338,17.707687377929688
15,재건축,중구,삼부4,공동,태평동 393,43782.0,,,,False,,,진행,0,9_미정,대전광역시 중구 태평동 393,36.32214608293276,127.39195690856432,parcel,,0.2692130208015442,0.5371227264404297,4.012913227081299,0.9594259858131409,15.390564918518066
16,재건축,중구,오류동삼성,공동,오류동 175-1,138227.0,,,,False,,,진행,0,9_미정,대전광역시 중구 오류동 175-1,36.3237558746507,127.40799332660684,parcel,,1.2610344886779785,1.2653684616088867,8.075739860534668,1.7111012935638428,22.65865707397461
17,재건축,중구,중촌시영,공동,중촌동 10-3,19447.0,,,,False,,,진행,0,9_미정,대전광역시 중구 중촌동 10-3,36.341219775900896,127.40903814431007,parcel,,0.8687074780464172,2.5323069095611572,31.878498077392578,2.9100892543792725,31.878498077392578
18,재건축,서구,용문동1·2·3,단독,용문동 225-9,181764.9,2763.0,착공,21.12.30.,False,,,진행,7,1_공사중,대전광역시 서구 용문동 225-9,36.34001258869672,127.39776635073076,parcel,,0.28175801038742065,1.142096757888794,38.71823501586914,2.9462080001831055,60.07164764404297
19,재건축,서구,탄방동1,단독,탄방동 514-360,102493.4,1974.0,준공,25.12.24.,False,,숭어리샘,완료,8,0_완료,대전광역시 서구 탄방동 514-360,36.34242153529484,127.3805992003966,parcel,,2.751286268234253,2.713752508163452,23.687118530273438,3.1417253017425537,25.165517807006836
20,재건축,유성구,도룡동2,공동,도룡동 431,32780.0,263.0,구역지정,12.09.07.,False,도룡,,진행,2,5_초기,대전광역시 유성구 도룡동 431,36.382624510747576,127.37637069245798,parcel,,5.68666934967041,10.591863632202148,37.49929428100586,10.6632661819458,39.675880432128906
21,재건축,대덕구,법동2,공동,법동 281,27325.5,666.0,사업시행인가,26.02.06.,False,,삼정하이츠@,진행,5,3_사업시행,대전광역시 대덕구 법동 281,36.37304170719092,127.427242973426,parcel,,2.419180154800415,3.084691286087036,31.7795467376709,4.519045829772949,45.497318267822266
22,재건축,대덕구,연축주공,공동,연축동 102,43383.0,,,,False,,,진행,0,9_미정,대전광역시 대덕구 연축동 102,36.39560908800237,127.4234148115431,parcel,,9.319581031799316,6.944828987121582,30.003358840942383,8.865607261657715,43.0489387512207
23,재건축,대덕구,신대주공,공동,신대동 179,35408.0,,입안제안,,False,,,진행,1,6_입안,대전광역시 대덕구 신대동 179,36.39975610870832,127.4217039021346,parcel,,2.656808376312256,3.2671432495117188,31.846521377563477,5.031963348388672,43.18008804321289
24,재건축,대덕구,중리주공2,공동,법동 284-1,47368.0,,,,False,,,진행,0,9_미정,대전광역시 대덕구 법동 284-1,36.369643837286944,127.42527017287406,parcel,,3.2452073097229004,3.219249725341797,34.05231857299805,3.2374091148376465,34.29802703857422
25,재건축,대덕구,소라,공동,대화동 30-1,15793.0,,,,False,,,진행,0,9_미정,대전광역시 대덕구 대화동 30-1,36.36281209290992,127.41320894426865,parcel,,2.1870181560516357,8.447075843811035,38.15839385986328,7.954653739929199,52.37895965576172
