Id,school_raw,school_short,purpose,차수,n_samples,length_m,sinuosity,slope_mean,slope_max,slope_pct_over_5deg,slope_pct_over_10deg,elevation_gain_m,dem_min_m,dem_max_m
1,동명초등학교,동명초,등교,1,177,1760.1868841357757,1.2076812377312662,2.0290188789367676,17.462575912475586,6.214689265536723,2.824858757062147,19.8021240234375,66.88594818115234,79.09754180908203
2,동명초등학교,동명초,등교,1,33,323.0711532869448,1.7443304034388956,3.230545997619629,10.50418758392334,24.242424242424242,6.0606060606060606,13.965347290039062,69.5592041015625,83.52455139160156
3,동명초등학교,동명초,등교,1,174,1736.2799255397474,1.562457655979377,3.9070448875427246,20.68012237548828,25.287356321839084,5.747126436781609,36.52571105957031,73.69189453125,103.10611724853516
4,동명초등학교,동명초,등교,1,33,324.84779477908796,1.0027016853547313,10.804097175598145,18.781734466552734,78.78787878787878,69.6969696969697,7.710365295410156,90.7255859375,97.28032684326172
5,동명초등학교,동명초,등교,1,496,4958.426598741676,2.2243518105665814,7.626887321472168,42.561378479003906,37.70161290322581,22.177419354838708,278.74267578125,95.87995910644531,257.6355895996094
6,동명초등학교,동명초,등교,1,131,1307.6863518343334,1.4029327848536726,8.13506031036377,18.513721466064453,77.09923664122137,30.53435114503817,10.7811279296875,81.97020721435547,156.76365661621094
7,동명초등학교,동명초,등교,1,66,659.5522363567895,1.3052652957342903,5.2320475578308105,9.036237716674805,60.60606060606061,0.0,8.528221130371094,80.27405548095703,84.18335723876953
8,동명초등학교,동명초,등교,1,184,1835.9526810490647,1.1698405103656935,6.603903293609619,14.355757713317871,63.04347826086957,19.565217391304348,48.328086853027344,80.09139251708984,114.71151733398438
1,동명초등학교,동명초,하교,1,184,1835.290449972005,1.169418547017093,6.721201419830322,14.880324363708496,62.5,21.73913043478261,41.556243896484375,79.92253112792969,115.00555419921875
2,동명초등학교,동명초,하교,1,67,663.1207188399346,1.3073141439248404,5.071531772613525,9.036237716674805,58.2089552238806,0.0,7.4933319091796875,80.27405548095703,84.18335723876953
3,동명초등학교,동명초,하교,1,122,1218.2991686327937,1.3639352632346171,8.290800094604492,17.294496536254883,78.68852459016394,30.327868852459016,75.78353881835938,81.86416625976562,156.76365661621094
4,동명초등학교,동명초,하교,1,501,5003.461225545099,2.204371886118898,7.817555904388428,38.207550048828125,42.51497005988024,24.550898203592812,221.11264038085938,95.87995910644531,254.8623504638672
5,동명초등학교,동명초,하교,1,32,313.23969511503566,1.000910728846876,11.16989517211914,17.868980407714844,81.25,71.875,1.4868698120117188,90.84813690185547,96.78047180175781
6,동명초등학교,동명초,하교,1,175,1747.6754554146237,1.556474566332415,3.8657212257385254,20.68012237548828,22.857142857142858,5.714285714285714,29.255348205566406,73.69189453125,103.16474151611328
7,동명초등학교,동명초,하교,1,211,2102.136774558669,1.2992832270294918,2.254037857055664,17.462575912475586,10.90047393364929,3.3175355450236967,21.472457885742188,66.884033203125,83.52455139160156
1,산내초등학교,산내초,등교,1,693,6920.628109311694,1.3217584531199158,7.189876556396484,31.365671157836914,54.40115440115441,32.03463203463203,229.0802001953125,73.1443862915039,224.70077514648438
2,산내초등학교,산내초,등교,1,92,916.0315594783256,1.2738510570722041,1.0811090469360352,11.202820777893066,6.521739130434782,1.0869565217391304,6.231025695800781,73.18974304199219,77.77442169189453
3,산내초등학교,산내초,등교,1,552,5515.040234296105,1.295554694783468,8.638896942138672,28.959331512451172,66.84782608695652,39.492753623188406,94.89708709716797,77.43701934814453,224.9735565185547
4,산내초등학교,산내초,등교,1,583,5824.84193760871,1.3057973923100845,1.8938779830932617,12.242182731628418,7.547169811320755,1.7152658662092626,63.94512176513672,75.4335708618164,111.30696868896484
5,산내초등학교,산내초,등교,1,310,3096.443679523189,1.1804722160609784,5.540984153747559,14.67591667175293,45.806451612903224,24.193548387096776,16.355995178222656,88.28640747070312,107.14407348632812
1,산내초등학교,산내초,하교,1,748,7473.975649754619,1.875237252263965,6.749814510345459,29.365440368652344,49.73262032085562,29.411764705882355,228.4298553466797,73.18974304199219,224.78790283203125
2,산내초등학교,산내초,하교,1,692,6916.3798622166805,1.3209470879634466,7.217410087585449,28.959331512451172,55.202312138728324,32.080924855491325,109.2905044555664,73.10137939453125,224.9735565185547
1,산서초등학교,산서초,등교,1,904,9036.143702271225,1.515429085057599,9.295638084411621,29.810544967651367,77.7654867256637,40.04424778761062,245.91598510742188,76.43573760986328,220.69271850585938
2,산서초등학교,산서초,등교,1,904,9035.14247973618,1.5152611725276288,9.406305313110352,29.32733917236328,77.87610619469027,42.256637168141594,117.27719116210938,76.6697769165039,220.69271850585938
3,산서초등학교,산서초,등교,2,212,2113.0535356858186,1.8399816651604854,5.955907821655273,15.471595764160156,59.43396226415094,15.566037735849056,28.738250732421875,68.06315612792969,90.28179931640625
4,산서초등학교,산서초,등교,2,387,3866.5470578119307,1.3796950977438645,7.681732654571533,23.43798828125,61.240310077519375,29.198966408268735,74.8797378540039,59.477725982666016,114.2032470703125
5,산서초등학교,산서초,등교,2,446,4459.979042851151,1.1703779380381716,7.850202560424805,23.82240104675293,66.81614349775785,30.493273542600896,107.71031188964844,61.24578857421875,114.1742172241211
1,산서초등학교,산서초,하교,1,445,4448.158431334973,1.1542259164260869,7.747635364532471,23.82240104675293,65.61797752808988,30.112359550561795,78.74050903320312,59.900550842285156,114.40348815917969
2,산서초등학교,산서초,하교,1,452,4510.360759821665,1.170366425067961,7.659183979034424,23.82240104675293,65.7079646017699,29.646017699115045,109.20500183105469,59.48347473144531,114.40348815917969
3,산서초등학교,산서초,하교,2,445,4448.158431334973,1.1542259164260869,7.747635364532471,23.82240104675293,65.61797752808988,30.112359550561795,78.74050903320312,59.900550842285156,114.40348815917969
4,산서초등학교,산서초,하교,2,452,4510.360759821665,1.170366425067961,7.659183979034424,23.82240104675293,65.7079646017699,29.646017699115045,109.20500183105469,59.48347473144531,114.40348815917969
5,산서초등학교,산서초,하교,3,445,4448.158431334973,1.1542259164260869,7.747635364532471,23.82240104675293,65.61797752808988,30.112359550561795,78.74050903320312,59.900550842285156,114.40348815917969
1,산흥초등학교,산흥초,등교,1,133,1320.1615269176186,1.1765685327851239,1.3099379539489746,3.1571831703186035,0.0,0.0,3.6596221923828125,68.65567779541016,76.0289077758789
2,산흥초등학교,산흥초,등교,1,79,784.6160891496605,1.5460857569475184,1.441057562828064,3.018286943435669,0.0,0.0,6.369140625,70.91529846191406,76.46205139160156
3,산흥초등학교,산흥초,등교,1,147,1468.578523101958,1.0194330564883505,1.1980719566345215,5.67549991607666,1.3605442176870748,0.0,11.102409362792969,72.17426300048828,79.47139739990234
4,산흥초등학교,산흥초,등교,1,21,204.83403221482067,1.0006800918305159,1.6269724369049072,3.647761344909668,0.0,0.0,3.0786972045898438,79.2929916381836,82.37168884277344
5,산흥초등학교,산흥초,등교,1,53,526.3565999909583,1.1329586664084947,1.3860363960266113,3.179401397705078,0.0,0.0,7.303955078125,82.37168884277344,89.55486297607422
6,산흥초등학교,산흥초,등교,1,53,525.0112924498486,1.2869141587087327,1.4194886684417725,2.454099655151367,0.0,0.0,2.3724212646484375,86.93778991699219,89.595703125
7,산흥초등학교,산흥초,등교,1,440,4390.2147131649035,1.4441389056113763,2.338454484939575,14.006906509399414,10.227272727272728,2.727272727272727,57.852203369140625,82.85031127929688,112.19005584716797
8,산흥초등학교,산흥초,등교,1,407,4068.7159532589376,1.0912573958712126,8.977649688720703,45.6645622253418,50.859950859950864,30.46683046683047,165.77203369140625,111.6763687133789,211.0546875
10,산흥초등학교,산흥초,등교,2,101,1002.2400125629315,1.0801332518052351,2.3132643699645996,5.800412654876709,4.9504950495049505,0.0,11.232528686523438,162.68911743164062,172.413330078125
11,산흥초등학교,산흥초,등교,2,35,345.4761726290198,1.2413699022411573,2.1408843994140625,7.126659870147705,5.714285714285714,0.0,7.470245361328125,172.413330078125,177.17303466796875
12,산흥초등학교,산흥초,등교,2,135,1347.6829593001992,1.1555369117551981,2.278959035873413,8.133575439453125,6.666666666666667,0.0,4.9766998291015625,162.68911743164062,177.20944213867188
1,산흥초등학교,산흥초,하교,1,101,1002.0423530460318,1.0799202303592115,2.2152016162872314,5.800412654876709,2.9702970297029703,0.0,10.957351684570312,162.68911743164062,172.413330078125
2,산흥초등학교,산흥초,하교,1,35,345.45622664010915,1.2412982320298207,2.1408843994140625,7.126659870147705,5.714285714285714,0.0,7.470245361328125,172.413330078125,177.17303466796875
3,산흥초등학교,산흥초,하교,1,135,1347.5580518348943,1.1554298129856266,2.3110201358795166,8.133575439453125,6.666666666666667,0.0,5.230682373046875,162.68911743164062,177.20944213867188
5,산흥초등학교,산흥초,하교,1,408,4070.88401143723,1.0888178777025306,8.941400527954102,45.548316955566406,50.245098039215684,30.88235294117647,166.56893920898438,110.42752838134766,210.04966735839844
6,산흥초등학교,산흥초,하교,1,432,4318.1843144251,1.4235958608585748,2.3323404788970947,13.613476753234863,11.11111111111111,2.314814814814815,30.49994659423828,82.85031127929688,112.19005584716797
7,산흥초등학교,산흥초,하교,1,163,1629.569180461506,1.5417787807522871,1.5221688747406006,4.906279563903809,0.0,0.0,5.866371154785156,78.9132080078125,88.9178466796875
8,산흥초등학교,산흥초,하교,1,21,204.83403221482067,1.0006800918305159,1.6269724369049072,3.647761344909668,0.0,0.0,3.0786972045898438,79.2929916381836,82.37168884277344
9,산흥초등학교,산흥초,하교,1,53,526.3148291291974,1.1328687565264182,1.4002673625946045,3.179401397705078,0.0,0.0,7.303955078125,82.37168884277344,89.55486297607422
10,산흥초등학교,산흥초,하교,1,179,1783.5522739269609,1.2146281809855228,1.4559468030929565,5.67549991607666,0.5586592178770949,0.0,4.070274353027344,75.4396743774414,89.595703125
11,산흥초등학교,산흥초,하교,1,71,705.9136409503191,1.0859310158311253,1.1868221759796143,3.21891450881958,0.0,0.0,0.40154266357421875,70.03788757324219,75.9300765991211
12,산흥초등학교,산흥초,하교,1,70,690.5755539538194,1.3421318615089606,1.6116360425949097,3.161363363265991,0.0,0.0,5.2476959228515625,68.65567779541016,71.90414428710938
1,계산초등학교,계산초,등교,1,267,2660.336056080103,2.3128062941282863,2.344144105911255,22.47852897644043,8.614232209737828,3.3707865168539324,36.964759826660156,71.22041320800781,99.14289855957031
2,계산초등학교,계산초,등교,1,267,2660.336056080103,2.3128062941282863,2.344144105911255,22.47852897644043,8.614232209737828,3.3707865168539324,36.964759826660156,71.22041320800781,99.14289855957031
1,계산초등학교,계산초,등교,2,267,2660.336056080103,2.3128062941282863,2.344144105911255,22.47852897644043,8.614232209737828,3.3707865168539324,36.964759826660156,71.22041320800781,99.14289855957031
2,계산초등학교,계산초,등교,2,267,2660.336056080103,2.3128062941282863,2.344144105911255,22.47852897644043,8.614232209737828,3.3707865168539324,36.964759826660156,71.22041320800781,99.14289855957031
1,계산초등학교,계산초,하교,3,267,2660.336056080103,2.3128062941282863,2.344144105911255,22.47852897644043,8.614232209737828,3.3707865168539324,36.964759826660156,71.22041320800781,99.14289855957031
2,계산초등학교,계산초,하교,3,267,2660.336056080103,2.3128062941282863,2.344144105911255,22.47852897644043,8.614232209737828,3.3707865168539324,36.964759826660156,71.22041320800781,99.14289855957031
1,계산초등학교,계산초,하교,4,267,2660.336056080103,2.3128062941282863,2.344144105911255,22.47852897644043,8.614232209737828,3.3707865168539324,36.964759826660156,71.22041320800781,99.14289855957031
2,계산초등학교,계산초,하교,4,267,2660.336056080103,2.3128062941282863,2.344144105911255,22.47852897644043,8.614232209737828,3.3707865168539324,36.964759826660156,71.22041320800781,99.14289855957031
1,계산초등학교,계산초,하교,5,267,2660.336056080103,2.3128062941282863,2.344144105911255,22.47852897644043,8.614232209737828,3.3707865168539324,36.964759826660156,71.22041320800781,99.14289855957031
2,계산초등학교,계산초,하교,5,267,2660.336056080103,2.3128062941282863,2.344144105911255,22.47852897644043,8.614232209737828,3.3707865168539324,36.964759826660156,71.22041320800781,99.14289855957031
1,계산초등학교,계산초,하교,6,267,2660.336056080103,2.3128062941282863,2.344144105911255,22.47852897644043,8.614232209737828,3.3707865168539324,36.964759826660156,71.22041320800781,99.14289855957031
2,계산초등학교,계산초,하교,6,267,2660.336056080103,2.3128062941282863,2.344144105911255,22.47852897644043,8.614232209737828,3.3707865168539324,36.964759826660156,71.22041320800781,99.14289855957031
1,구즉초등학교,구즉초,등교,1,602,5992.346955553156,1.2864110029245774,5.637268543243408,18.746036529541016,50.498338870431894,13.455149501661129,110.3252182006836,29.202165603637695,89.19440460205078
2,구즉초등학교,구즉초,등교,1,602,5992.346955553156,1.2864110029245774,5.637268543243408,18.746036529541016,50.498338870431894,13.455149501661129,110.3252182006836,29.202165603637695,89.19440460205078
2,구즉초등학교,구즉초,하교,1,602,5992.346955553156,1.2864110029245774,5.637268543243408,18.746036529541016,50.498338870431894,13.455149501661129,110.3252182006836,29.202165603637695,89.19440460205078
1,구즉초등학교,구즉초,하교,1,602,5992.346955553156,1.2864110029245774,5.637268543243408,18.746036529541016,50.498338870431894,13.455149501661129,110.3252182006836,29.202165603637695,89.19440460205078
2,구즉초등학교,구즉초,하교,1,602,5992.346955553156,1.2864110029245774,5.637268543243408,18.746036529541016,50.498338870431894,13.455149501661129,110.3252182006836,29.202165603637695,89.19440460205078
8,기성초등학교·길헌분,기성초 및 길헌분교,등교,1,549,5459.645540121472,1.64541319720118,5.0276198387146,34.97925567626953,29.143897996357016,16.39344262295082,119.54432678222656,73.3699722290039,116.02909851074219
1,기성초등학교·길헌분,기성초 및 길헌분교,등교,1,1134,11332.952351863596,2.0472268515463923,7.292385578155518,34.97925567626953,43.03350970017637,27.07231040564374,274.949951171875,69.32726287841797,150.9423370361328
2,기성초등학교·길헌분,기성초 및 길헌분교,등교,1,224,2238.0640391219713,1.2375552673101227,12.698494911193848,27.086584091186523,91.96428571428571,59.375,54.26885223388672,126.83870697021484,150.92730712890625
3,기성초등학교·길헌분,기성초 및 길헌분교,등교,1,148,1479.9728709143926,1.1954525860346255,13.776192665100098,33.645545959472656,68.24324324324324,56.08108108108109,25.073097229003906,88.84166717529297,135.71885681152344
4,기성초등학교·길헌분,기성초 및 길헌분교,등교,1,181,1804.4689493719327,2.1545910161478474,4.950007438659668,17.762720108032227,39.226519337016576,11.049723756906078,22.405792236328125,80.36840057373047,96.79898834228516
5,기성초등학교·길헌분,기성초 및 길헌분교,등교,1,169,1685.2872004576973,1.1195465390710924,4.411531925201416,16.831693649291992,36.09467455621302,11.834319526627219,5.2491607666015625,72.3311767578125,96.83464050292969
6,기성초등학교·길헌분,기성초 및 길헌분교,등교,1,34,332.1555296928739,1.3528084836129022,1.093916654586792,2.7047126293182373,0.0,0.0,2.6482467651367188,71.50738525390625,73.81163024902344
7,기성초등학교·길헌분,기성초 및 길헌분교,등교,1,104,1033.6029970128516,1.356003171027024,2.9037768840789795,11.088663101196289,9.615384615384617,0.9615384615384616,9.029510498046875,69.19178009033203,79.57465362548828
9,기성초등학교·길헌분,기성초 및 길헌분교,등교,2,392,3916.352144617588,1.1880247702151658,5.801316738128662,38.92793273925781,34.183673469387756,17.346938775510203,84.89515686035156,77.18672943115234,115.96391296386719
10,기성초등학교·길헌분,기성초 및 길헌분교,등교,2,158,1578.1180502845682,1.2313943126729308,6.8193135261535645,34.90272903442383,37.34177215189873,22.78481012658228,32.38086700439453,83.3805923461914,100.19730377197266
11,기성초등학교·길헌분,기성초 및 길헌분교,등교,2,36,356.25135935221175,1.125239877580752,2.5160152912139893,4.453326225280762,0.0,0.0,1.4886245727539062,92.4181900024414,100.33768463134766
12,기성초등학교·길헌분,기성초 및 길헌분교,등교,2,42,412.3174000652716,1.4743478153246394,3.14113187789917,6.436195373535156,7.142857142857142,0.0,9.782005310058594,91.14584350585938,98.13086700439453
13,기성초등학교·길헌분,기성초 및 길헌분교,등교,2,272,2714.25614641736,1.25013470521733,4.745604515075684,24.428712844848633,27.941176470588236,11.76470588235294,53.22615051269531,77.22598266601562,115.97392272949219
1,기성초등학교·길헌분,기성초 및 길헌분교,하교,3,404,4039.3691664515823,1.7313324321153778,6.420917987823486,30.870634078979492,28.217821782178216,18.564356435643564,94.18907928466797,69.19178009033203,135.30894470214844
2,기성초등학교·길헌분,기성초 및 길헌분교,하교,3,638,6378.682823870318,1.5135581477063622,7.28156852722168,34.8313102722168,42.476489028213166,25.705329153605017,97.24913024902344,60.180870056152344,135.82192993164062
3,기성초등학교·길헌분,기성초 및 길헌분교,하교,3,392,3910.8007913025663,1.9185307637146611,6.352148056030273,25.843557357788086,42.3469387755102,20.66326530612245,85.05599212646484,60.160011291503906,95.9642333984375
5,기성초등학교·길헌분,기성초 및 길헌분교,하교,3,41,403.8908418771825,1.4874265308483547,3.2297215461730957,6.069526195526123,9.75609756097561,0.0,7.2994384765625,90.9747085571289,98.0320053100586
6,기성초등학교·길헌분,기성초 및 길헌분교,하교,3,274,2730.049988474437,1.152775244288541,4.730648517608643,26.588178634643555,26.277372262773724,12.773722627737227,52.087196350097656,77.18672943115234,115.96391296386719
1,기성초등학교·길헌분,기성초 및 길헌분교,하교,4,272,2714.1881852326055,1.2501034035895224,4.808872699737549,26.588178634643555,26.838235294117645,12.5,68.13619232177734,77.18672943115234,115.96391296386719
2,기성초등학교·길헌분,기성초 및 길헌분교,하교,4,347,3465.978926317906,1.3388488794651232,4.4002604484558105,24.428712844848633,24.207492795389047,9.510086455331413,60.60151672363281,69.19178009033203,115.97392272949219
3,기성초등학교·길헌분,기성초 및 길헌분교,하교,4,124,1232.1708838281966,2.949317799441243,2.9334020614624023,11.855283737182617,7.258064516129033,0.8064516129032258,15.8310546875,69.32726287841797,79.57465362548828
4,기성초등학교·길헌분,기성초 및 길헌분교,하교,4,404,4039.3691664515823,1.7313324321153778,6.420917987823486,30.870634078979492,28.217821782178216,18.564356435643564,94.18907928466797,69.19178009033203,135.30894470214844
5,기성초등학교·길헌분,기성초 및 길헌분교,하교,4,281,2807.1905911884915,1.1515879880388211,7.91684627532959,34.8313102722168,36.654804270462634,26.690391459074732,81.36531829833984,75.64868927001953,135.705322265625
6,기성초등학교·길헌분,기성초 및 길헌분교,하교,4,350,3490.4694915906853,1.9438750345492926,6.52393913269043,25.843557357788086,43.142857142857146,22.57142857142857,71.2926025390625,60.160011291503906,95.9642333984375
7,기성초등학교·길헌분,기성초 및 길헌분교,하교,4,617,6160.3533276101425,1.5214782520503023,5.9211602210998535,26.588178634643555,37.439222042139384,18.638573743922205,125.98455810546875,60.160011291503906,115.96391296386719
8,기성초등학교·길헌분,기성초 및 길헌분교,하교,3,274,2730.049988474437,1.152775244288541,4.730648517608643,26.588178634643555,26.277372262773724,12.773722627737227,52.087196350097656,77.18672943115234,115.96391296386719
1,남선초등학교,남선초,등교,1,1029,10285.907198071603,1.3721883697926696,3.1737639904022217,16.971569061279297,20.796890184645285,0.9718172983479106,151.85433959960938,65.72605895996094,136.94505310058594
2,남선초등학교,남선초,등교,1,44,437.0896397277231,1.0107162890797654,5.714748859405518,14.31480884552002,45.45454545454545,36.36363636363637,5.347297668457031,106.29501342773438,109.94712829589844
3,남선초등학교,남선초,등교,1,59,1848.1025721507697,4.17554824126203,2.6503052711486816,10.212211608886719,22.033898305084744,1.694915254237288,4.912261962890625,108.71197509765625,112.64212036132812
6,남선초등학교,남선초,등교,1,156,3387.846708340687,5.255831619178909,2.1410179138183594,12.518762588500977,5.769230769230769,1.282051282051282,19.798583984375,92.23301696777344,101.82463073730469
7,남선초등학교,남선초,등교,1,116,1158.394507799608,1.506330399588107,1.7458440065383911,6.31033182144165,2.586206896551724,0.0,13.896560668945312,99.72125244140625,109.43367767333984
8,남선초등학교,남선초,등교,1,109,1087.1398985706467,1.2626149314591772,8.596269607543945,20.118478775024414,61.46788990825688,44.95412844036697,55.06782531738281,109.43367767333984,158.5673370361328
1,남선초등학교,남선초,하교,2,109,1087.1398985706467,1.2626149314591772,8.596269607543945,20.118478775024414,61.46788990825688,44.95412844036697,55.06782531738281,109.43367767333984,158.5673370361328
2,남선초등학교,남선초,하교,2,226,2259.9291800453357,1.418781777502298,2.919811248779297,15.368375778198242,13.274336283185843,5.3097345132743365,18.9111328125,101.51195526123047,109.94712829589844
3,남선초등학교,남선초,하교,2,59,1847.6526410395575,4.174531680228881,2.611558198928833,10.212211608886719,20.33898305084746,1.694915254237288,4.9150238037109375,108.71197509765625,112.64212036132812
6,남선초등학교,남선초,하교,2,689,8714.771503174341,1.3215356106495029,3.732875347137451,19.17328453063965,30.043541364296082,1.741654571843251,97.94656372070312,75.35286712646484,136.98719787597656
1,남선초등학교,남선초,등교,3,111,1109.2954030576989,1.5336943337678026,1.5736197233200073,10.90024185180664,3.6036036036036037,1.8018018018018018,10.568130493164062,58.698665618896484,66.93732452392578
2,남선초등학교,남선초,등교,3,41,409.6952213925393,1.2836395761995343,0.9724817872047424,2.8519930839538574,0.0,0.0,3.7735061645507812,66.91544342041016,70.53944396972656
3,남선초등학교,남선초,등교,3,71,702.4274134860807,1.3968633978742608,2.2970049381256104,6.107440948486328,4.225352112676056,0.0,6.290809631347656,69.81676483154297,75.47769927978516
4,남선초등학교,남선초,등교,3,45,449.02681210981996,1.1437637575635378,4.4887213706970215,6.8262505531311035,42.22222222222222,0.0,6.877388000488281,70.08012390136719,74.86344909667969
5,남선초등학교,남선초,등교,3,853,8525.848424273676,2.1046907711629568,4.756107807159424,28.680042266845703,34.81828839390387,8.792497069167643,159.21180725097656,74.86344909667969,136.98719787597656
6,남선초등학교,남선초,등교,3,412,4117.541675444168,1.2801507971793882,5.358957767486572,21.812490463256836,41.74757281553398,13.592233009708737,110.99472045898438,114.11089324951172,207.53411865234375
7,남선초등학교,남선초,등교,3,308,3078.533136387377,1.2756335814798418,5.889020919799805,23.880863189697266,44.48051948051948,16.233766233766232,59.8394775390625,155.42758178710938,212.61917114257812
8,남선초등학교,남선초,등교,3,80,797.6655683740632,1.493325725008756,6.544549465179443,15.01071834564209,66.25,17.5,16.326751708984375,144.4248809814453,158.5673370361328
1,남선초등학교,남선초,하교,4,80,797.6655683740632,1.493325725008756,6.544549465179443,15.01071834564209,66.25,17.5,16.326751708984375,144.4248809814453,158.5673370361328
2,남선초등학교,남선초,하교,4,308,3078.533136387377,1.2756335814798418,5.889020919799805,23.880863189697266,44.48051948051948,16.233766233766232,59.8394775390625,155.42758178710938,212.61917114257812
3,남선초등학교,남선초,하교,4,412,4117.541675444168,1.2801507971793882,5.358957767486572,21.812490463256836,41.74757281553398,13.592233009708737,110.99472045898438,114.11089324951172,207.53411865234375
4,남선초등학교,남선초,하교,4,22,212.40433021479663,1.020957428657589,7.152618408203125,16.24226951599121,40.909090909090914,27.27272727272727,3.6241226196289062,114.11141967773438,117.2842788696289
5,남선초등학교,남선초,하교,4,832,8311.43061568933,1.993029708658039,4.650603771209717,28.42782974243164,33.293269230769226,8.173076923076923,115.07624053955078,75.09036254882812,136.94505310058594
6,남선초등학교,남선초,하교,4,20,198.7757512705043,1.323394327132774,3.8147521018981934,6.684049129486084,10.0,0.0,0.91143798828125,72.01693725585938,75.09036254882812
7,남선초등학교,남선초,하교,4,89,883.9092281219548,1.1922263890317824,3.1068308353424072,6.684049129486084,22.47191011235955,0.0,7.452369689941406,69.81704711914062,75.37520599365234
8,남선초등학교,남선초,하교,4,160,1591.4019657853603,1.4803796834296332,1.4432055950164795,10.90024185180664,2.5,1.25,9.491710662841797,58.698665618896484,70.98876190185547
1,세천초등학교,세천초,등교,1,668,6673.975187535608,1.3717372834398094,2.401310443878174,14.672895431518555,8.532934131736528,0.7485029940119761,69.69414520263672,55.90302658081055,138.57008361816406
2,세천초등학교,세천초,등교,1,25,240.40389156080286,1.1520298314019384,2.152474880218506,4.696751117706299,0.0,0.0,1.1288414001464844,55.86227798461914,58.51383590698242
3,세천초등학교,세천초,등교,1,60,598.468592250111,1.58009241465994,1.5501350164413452,8.88200855255127,6.666666666666667,0.0,3.9350128173828125,52.54141616821289,56.42232894897461
4,세천초등학교,세천초,등교,1,55,545.5496276505618,1.278484980619737,1.0178550481796265,1.943190336227417,0.0,0.0,3.6521339416503906,52.904205322265625,55.068336486816406
5,세천초등학교,세천초,등교,1,61,604.4472206305347,1.4617378017481446,1.5069637298583984,4.197251796722412,0.0,0.0,5.401950836181641,54.763519287109375,58.691131591796875
6,세천초등학교,세천초,등교,1,38,375.17075658952103,1.4069038092336357,1.1265814304351807,2.2032058238983154,0.0,0.0,5.365695953369141,57.421875,62.30247116088867
7,세천초등학교,세천초,등교,1,13,122.42532220550785,1.4224800472541796,2.6618247032165527,4.26515007019043,0.0,0.0,1.8730125427246094,62.30247116088867,64.17548370361328
8,세천초등학교,세천초,등교,2,612,6110.195827281142,1.1950263017958223,2.385920524597168,14.672895431518555,8.49673202614379,1.1437908496732025,92.32807922363281,59.443504333496094,138.44375610351562
9,세천초등학교,세천초,등교,2,329,3281.8161546293977,1.1457217556047625,5.7128400802612305,14.68200397491455,54.40729483282675,13.069908814589665,56.27912139892578,80.1900405883789,103.55081176757812
10,세천초등학교,세천초,등교,2,365,3646.825495860441,1.6575626592586736,7.52049446105957,20.46315574645996,64.65753424657534,27.397260273972602,60.22845458984375,76.61902618408203,103.55081176757812
11,세천초등학교,세천초,등교,2,217,2163.5960218012465,1.4156163877385533,7.072513103485107,20.46315574645996,52.53456221198156,30.87557603686636,52.74945831298828,76.61902618408203,111.86299896240234
12,세천초등학교,세천초,등교,2,152,1515.128305548292,1.931457437810053,5.86541748046875,23.70244026184082,38.15789473684211,14.473684210526317,65.05560302734375,111.86299896240234,154.02294921875
13,세천초등학교,세천초,등교,2,349,3485.311806144578,1.2744102070843653,3.2832775115966797,23.400522232055664,16.332378223495702,7.163323782234957,18.821731567382812,73.12773132324219,154.03622436523438
14,세천초등학교,세천초,등교,2,70,695.9713632096617,2.733567091130085,5.505926609039307,17.283231735229492,34.285714285714285,30.0,5.457832336425781,72.84803771972656,87.5093994140625
15,세천초등학교,세천초,등교,2,32,318.90254720230746,1.6920980836008186,4.356358051300049,11.814410209655762,37.5,9.375,6.4582061767578125,73.51406860351562,79.93769073486328
16,세천초등학교,세천초,등교,2,471,4705.460645636632,1.1275612653872094,2.71791410446167,13.008039474487305,11.252653927813164,1.0615711252653928,76.8750228881836,69.96246337890625,138.48541259765625
17,세천초등학교,세천초,하교,1,329,3281.3171949852135,1.1455475627516059,5.688513278961182,14.68200397491455,53.191489361702125,12.462006079027356,55.30254364013672,80.1900405883789,103.55081176757812
18,세천초등학교,세천초,하교,1,365,3645.8332069937874,1.6571116420727867,7.548757076263428,20.834575653076172,64.65753424657534,27.945205479452056,58.16343688964844,76.91461944580078,103.55081176757812
19,세천초등학교,세천초,하교,1,217,2160.8807001539853,1.415780201395633,7.118630409240723,20.46315574645996,52.995391705069125,30.414746543778804,52.60252380371094,76.61902618408203,111.86299896240234
20,세천초등학교,세천초,하교,1,152,1515.4718430987346,1.9318953731020938,5.877959728240967,23.70244026184082,38.81578947368421,14.473684210526317,64.3331527709961,111.86299896240234,154.02294921875
21,세천초등학교,세천초,하교,1,349,3485.5607641095867,1.2745012389889376,3.2850544452667236,23.400522232055664,16.045845272206304,6.876790830945559,18.559280395507812,73.12773132324219,154.03622436523438
22,세천초등학교,세천초,하교,1,65,640.9783765636485,3.19772076061599,5.826400279998779,17.283231735229492,36.92307692307693,32.30769230769231,4.876716613769531,72.84803771972656,87.5093994140625
23,세천초등학교,세천초,하교,1,14,137.82316948651757,1.0063128678609141,1.7789546251296997,3.139798402786255,0.0,0.0,1.9437255859375,73.14338684082031,75.08711242675781
24,세천초등학교,세천초,하교,2,495,4941.748400382533,1.2402967568294272,2.7972872257232666,14.672895431518555,12.121212121212121,1.2121212121212122,81.901611328125,70.07711791992188,138.44375610351562
25,세천초등학교,세천초,하교,2,514,5130.508629189622,1.1440026203553941,2.477386474609375,14.672895431518555,9.33852140077821,0.9727626459143969,61.476844787597656,64.3221206665039,138.44375610351562
26,세천초등학교,세천초,하교,2,154,1538.946620661329,2.0184287959181404,2.4346518516540527,11.252423286437988,12.337662337662337,1.2987012987012987,19.196521759033203,59.443504333496094,70.18647003173828
27,세천초등학교,세천초,하교,2,61,605.68250556738,1.4727401790471109,1.5636191368103027,3.46488881111145,0.0,0.0,0.4802665710449219,57.4287109375,69.54149627685547
28,세천초등학교,세천초,하교,2,68,673.9748089773884,1.5270553013318653,1.4885402917861938,4.197251796722412,0.0,0.0,2.964527130126953,54.53907012939453,58.73866653442383
29,세천초등학교,세천초,하교,2,49,489.7651659879307,1.2705985877735753,1.0609891414642334,1.815425992012024,0.0,0.0,1.8340988159179688,52.92221450805664,55.068336486816406
30,세천초등학교,세천초,하교,2,57,565.7564002312895,1.6152628671695226,1.5639066696166992,7.216338634490967,10.526315789473683,0.0,6.909629821777344,52.49235916137695,56.16582107543945
31,세천초등학교,세천초,하교,2,32,311.6346925158048,1.253520021534242,2.1751155853271484,4.696751117706299,0.0,0.0,4.148136138916016,55.90302658081055,58.86424255371094
32,세천초등학교,세천초,하교,2,638,6376.82562332238,1.3142364845673584,2.3178210258483887,13.008039474487305,7.993730407523511,0.4702194357366771,94.54879760742188,57.37428665161133,138.48541259765625
1,신탄진용정초등학교 ?,신탄진용정초,등교,1,807,8060.6969253401785,1.481985468700003,5.868566513061523,22.94361686706543,40.14869888475837,21.685254027261465,200.55960083007812,42.23670959472656,165.07562255859375
2,신탄진용정초등학교 ?,신탄진용정초,등교,1,172,1715.6891372620087,1.2845361595189317,4.739492893218994,17.56292152404785,36.04651162790697,8.13953488372093,15.452659606933594,66.03681945800781,107.33104705810547
3,신탄진용정초등학교 ?,신탄진용정초,등교,1,50,492.1343759147033,1.1901712523763355,2.6069650650024414,6.975844860076904,10.0,0.0,0.9395065307617188,55.789955139160156,66.03681945800781
4,신탄진용정초등학교 ?,신탄진용정초,등교,1,119,1184.404170876832,1.5496613873421452,1.7792927026748657,7.073399066925049,5.88235294117647,0.0,5.2999725341796875,42.04146957397461,56.17350387573242
5,신탄진용정초등학교 ?,신탄진용정초,등교,1,53,523.2344570481627,1.0626176531797007,1.6556591987609863,4.891231060028076,0.0,0.0,13.101470947265625,44.93864059448242,58.016929626464844
6,신탄진용정초등학교 ?,신탄진용정초,등교,1,546,5457.045845485844,1.372687713140384,6.392826080322266,22.0806827545166,43.58974358974359,28.93772893772894,174.57493591308594,42.175315856933594,165.07562255859375
1,신탄진용정초등학교 ?,신탄진용정초,하교,2,308,3073.18806966954,1.4830089507084978,9.342897415161133,22.94361686706543,74.02597402597402,48.701298701298704,139.12631225585938,42.216312408447266,165.08509826660156
2,신탄진용정초등학교 ?,신탄진용정초,하교,2,239,2380.140421768888,1.1269656201539804,2.5396080017089844,18.30914878845215,5.857740585774058,2.092050209205021,43.97196578979492,48.57400894165039,85.07608032226562
3,신탄진용정초등학교 ?,신탄진용정초,하교,2,171,1707.6386279770536,1.692155999374206,1.7630497217178345,6.202160835266113,4.093567251461988,0.0,16.139530181884766,42.045597076416016,58.016929626464844
4,신탄진용정초등학교 ?,신탄진용정초,하교,2,203,2022.1941557856262,1.1654869541552215,4.394721508026123,15.242659568786621,33.004926108374384,6.896551724137931,61.55530548095703,55.789955139160156,107.46704864501953
5,신탄진용정초등학교 ?,신탄진용정초,하교,2,798,7975.7932668180665,1.474763386474757,6.209574222564697,24.565656661987305,42.98245614035088,25.438596491228072,199.97113037109375,42.216312408447266,165.08509826660156
1,진잠초등학교,진잠초,등교,1,321,3203.2363361817365,2.1596244304972854,4.4510884284973145,14.609893798828125,30.8411214953271,10.903426791277258,63.38575744628906,78.99710083007812,127.667236328125
2,진잠초등학교,진잠초,등교,1,267,2664.85758933077,1.100813847755952,4.133909702301025,25.438060760498047,25.468164794007492,8.239700374531834,36.689537048339844,102.74787139892578,127.42310333251953
3,진잠초등학교,진잠초,등교,1,112,1115.776546990747,4.03002659781417,3.5203311443328857,11.525276184082031,14.285714285714285,2.6785714285714284,12.933448791503906,123.8429183959961,135.948486328125
4,진잠초등학교,진잠초,등교,1,585,5845.808162389294,2.398397611402354,4.4007086753845215,25.438060760498047,29.059829059829063,9.914529914529915,57.206321716308594,79.00643920898438,127.77294158935547
1,진잠초등학교,진잠초,하교,2,585,5845.808162389294,2.398397611402354,4.4007086753845215,25.438060760498047,29.059829059829063,9.914529914529915,57.206321716308594,79.00643920898438,127.77294158935547
2,진잠초등학교,진잠초,하교,2,585,5845.808162389294,2.398397611402354,4.4007086753845215,25.438060760498047,29.059829059829063,9.914529914529915,57.206321716308594,79.00643920898438,127.77294158935547
2,진잠초등학교,진잠초,하교,3,267,2664.85758933077,1.100813847755952,4.133909702301025,25.438060760498047,25.468164794007492,8.239700374531834,36.689537048339844,102.74787139892578,127.42310333251953
1,진잠초등학교,진잠초,하교,3,321,3203.2363361817365,2.1596244304972854,4.4510884284973145,14.609893798828125,30.8411214953271,10.903426791277258,63.38575744628906,78.99710083007812,127.667236328125
3,진잠초등학교,진잠초,하교,3,587,5868.093925512508,2.650289550979728,4.284731388092041,26.773183822631836,29.131175468483818,10.221465076660987,101.34149932861328,78.99710083007812,127.667236328125
2,대전원신흥초등학교 ?,대전원신흥초 복용분교장,하교,2,470,4699.409605571796,1.8069676049078858,1.667027235031128,14.692299842834473,5.74468085106383,1.4893617021276597,54.2889518737793,45.29745101928711,68.31752014160156
1,대전원신흥초등학교 ?,대전원신흥초 복용분교장,등교,1,338,3376.517398875665,1.5436695903151818,1.4857522249221802,16.505704879760742,5.325443786982249,2.0710059171597637,41.847686767578125,41.186614990234375,67.29663848876953
2,대전원신흥초등학교 ?,대전원신흥초 복용분교장,하교,1,338,3376.517398875665,1.5436695903151818,1.4857522249221802,16.505704879760742,5.325443786982249,2.0710059171597637,41.847686767578125,41.186614990234375,67.29663848876953
1,대전원신흥초등학교 ?,대전원신흥초 복용분교장,등교,2,359,3587.22446311365,1.3793218596425705,1.511263132095337,16.505704879760742,5.2924791086350975,1.9498607242339834,42.58574676513672,41.18463134765625,67.29663848876953
